row_index,Molecule_Name,cluster_id,split
0,OCNT-0000422,4788,train
1,OCNT-0001882,4787,train
2,OCNT-0007477,4786,test
3,OCNT-0010068,4785,train
4,OCNT-0014841,4784,train
5,OCNT-0018684,4783,train
6,OCNT-0020887,4782,train
7,OCNT-0021749,4781,train
8,OCNT-0021943,4780,train
9,OCNT-0021946,4779,train
10,OCNT-0022006,4778,train
11,OCNT-0022012,4777,validation
12,OCNT-0022066,4776,train
13,OCNT-0022107,4775,validation
14,OCNT-0022119,29,validation
15,OCNT-0022125,4774,test
16,OCNT-0022126,4773,test
17,OCNT-0022127,4772,train
18,OCNT-0022128,4771,train
19,OCNT-0022129,4770,train
20,OCNT-0022130,4769,validation
21,OCNT-0022137,4768,test
22,OCNT-0022139,70,validation
23,OCNT-0022141,4767,train
24,OCNT-0022142,4766,train
25,OCNT-0022215,4765,train
26,OCNT-0022234,4764,test
27,OCNT-0022235,4763,train
28,OCNT-0022237,4762,validation
29,OCNT-0022246,29,validation
30,OCNT-0022254,30,test
31,OCNT-0022266,4761,test
32,OCNT-0022267,30,test
33,OCNT-0022268,4760,train
34,OCNT-0022269,4759,train
35,OCNT-0022271,4758,test
36,OCNT-0022281,4757,train
37,OCNT-0022288,29,validation
38,OCNT-0022291,4756,train
39,OCNT-0022294,30,test
40,OCNT-0022297,4755,train
41,OCNT-0022301,4754,validation
42,OCNT-0022303,70,validation
43,OCNT-0022314,4753,validation
44,OCNT-0022315,4752,validation
45,OCNT-0022316,4751,train
46,OCNT-0022317,4750,train
47,OCNT-0200796,4749,train
48,OCNT-0200803,4748,train
49,OCNT-0283087,4747,train
50,OCNT-0294781,4746,train
51,OCNT-0319465,4745,validation
52,OCNT-0381046,4744,train
53,OCNT-0436875,4743,test
54,OCNT-0476452,4742,train
55,OCNT-0476550,4741,train
56,OCNT-0476578,4740,train
57,OCNT-0476778,4739,train
58,OCNT-0477348,4738,train
59,OCNT-0477587,4737,validation
60,OCNT-0478484,4736,test
61,OCNT-0478539,4735,validation
62,OCNT-0478585,4734,test
63,OCNT-0481618,4733,test
64,OCNT-0483290,4732,train
65,OCNT-0483502,4731,train
66,OCNT-0483505,4730,train
67,OCNT-0492202,4729,train
68,OCNT-0492977,4728,test
69,OCNT-0493312,4727,train
70,OCNT-0493346,4726,train
71,OCNT-0493664,4725,train
72,OCNT-0493764,4724,train
73,OCNT-0493767,56,validation
74,OCNT-0493792,4723,train
75,OCNT-0493842,4722,train
76,OCNT-0493904,4721,train
77,OCNT-0493927,4720,train
78,OCNT-0493940,4719,test
79,OCNT-0493951,4718,test
80,OCNT-0493990,4717,train
81,OCNT-0494012,4716,train
82,OCNT-0494023,4715,train
83,OCNT-0494025,4714,train
84,OCNT-0494084,4713,train
85,OCNT-0494105,4712,train
86,OCNT-0494110,4711,test
87,OCNT-0494139,4710,train
88,OCNT-0494160,4709,train
89,OCNT-0494161,68,validation
90,OCNT-0494162,4708,train
91,OCNT-0494164,4707,train
92,OCNT-0494166,4706,train
93,OCNT-0494195,4705,test
94,OCNT-0494205,4704,train
95,OCNT-0494638,4703,train
96,OCNT-0494698,4702,validation
97,OCNT-0494717,4701,validation
98,OCNT-0494811,4700,train
99,OCNT-0495039,4699,train
100,OCNT-0495153,4698,train
101,OCNT-0495157,4697,validation
102,OCNT-0495189,62,validation
103,OCNT-0495216,4696,train
104,OCNT-0495275,4695,train
105,OCNT-0495277,4694,train
106,OCNT-0495303,60,validation
107,OCNT-0495340,4693,train
108,OCNT-0495493,4692,train
109,OCNT-0495620,4691,test
110,OCNT-0495682,26,test
111,OCNT-0496415,4690,train
112,OCNT-0496475,4689,train
113,OCNT-0496647,4688,validation
114,OCNT-0497719,4687,train
115,OCNT-0497724,4686,train
116,OCNT-0497798,4685,train
117,OCNT-0497847,4684,train
118,OCNT-0497901,4683,train
119,OCNT-0497926,4682,train
120,OCNT-0497934,4681,train
121,OCNT-0497946,4680,test
122,OCNT-0497954,4679,validation
123,OCNT-0497979,4678,train
124,OCNT-0497983,4677,train
125,OCNT-0497986,4676,train
126,OCNT-0497989,4675,train
127,OCNT-0497994,4674,train
128,OCNT-0498014,69,test
129,OCNT-0498030,4673,train
130,OCNT-0498036,4672,train
131,OCNT-0498042,4671,test
132,OCNT-0498064,4670,train
133,OCNT-0498067,4669,train
134,OCNT-0498090,69,test
135,OCNT-0498121,4668,train
136,OCNT-0498125,4667,train
137,OCNT-0498126,4666,train
138,OCNT-0498127,58,validation
139,OCNT-0498160,4665,validation
140,OCNT-0498430,4664,train
141,OCNT-0713834,4663,train
142,OCNT-0713835,4662,train
143,OCNT-1083122,4661,test
144,OCNT-1411118,4660,train
145,OCNT-1685194,4659,train
146,OCNT-1755345,4658,train
147,OCNT-1755349,4657,train
148,OCNT-1871132,4656,validation
149,OCNT-1893991,4655,train
150,OCNT-1893994,8,test
151,OCNT-1893998,4654,train
152,OCNT-1911794,68,validation
153,OCNT-1911799,4653,test
154,OCNT-1911800,4652,train
155,OCNT-1965886,4651,train
156,OCNT-1965934,8,test
157,OCNT-1965960,8,test
158,OCNT-2077048,4650,train
159,OCNT-2127780,63,test
160,OCNT-2308460,4649,validation
161,OCNT-2308462,4648,train
162,OCNT-2308464,4647,test
163,OCNT-2308465,4646,train
164,OCNT-2308466,4645,train
165,OCNT-2308468,4644,validation
166,OCNT-2308470,4643,train
167,OCNT-2308473,4642,train
168,OCNT-2308474,4641,test
169,OCNT-2308475,4640,train
170,OCNT-2308476,4639,train
171,OCNT-2308478,4638,train
172,OCNT-2308479,4637,validation
173,OCNT-2308483,4636,test
174,OCNT-2308492,4635,train
175,OCNT-2308494,4634,train
176,OCNT-2308499,4633,train
177,OCNT-2308501,4632,train
178,OCNT-2308502,4631,train
179,OCNT-2308504,4630,train
180,OCNT-2308506,4629,train
181,OCNT-2308508,4628,train
182,OCNT-2308510,4627,train
183,OCNT-2308511,4626,train
184,OCNT-2308512,4625,train
185,OCNT-2308515,4624,train
186,OCNT-2308519,4623,train
187,OCNT-2308520,4622,test
188,OCNT-2308522,4621,train
189,OCNT-2308523,4620,test
190,OCNT-2308526,4619,train
191,OCNT-2308529,4618,test
192,OCNT-2308531,4617,train
193,OCNT-2308536,4616,train
194,OCNT-2308537,4615,test
195,OCNT-2308539,4614,test
196,OCNT-2308543,4613,train
197,OCNT-2308546,4612,test
198,OCNT-2308550,4611,train
199,OCNT-2308553,4610,validation
200,OCNT-2308554,4609,train
201,OCNT-2308556,4608,train
202,OCNT-2308557,4607,train
203,OCNT-2308560,4606,train
204,OCNT-2308562,4605,train
205,OCNT-2308571,4604,train
206,OCNT-2308576,4603,train
207,OCNT-2308578,4602,train
208,OCNT-2308583,4601,train
209,OCNT-2308584,4600,validation
210,OCNT-2308585,4599,train
211,OCNT-2308588,4598,train
212,OCNT-2308589,4597,train
213,OCNT-2308592,4596,validation
214,OCNT-2308594,4595,train
215,OCNT-2308597,4594,train
216,OCNT-2308599,4593,test
217,OCNT-2308600,4592,train
218,OCNT-2308601,4591,train
219,OCNT-2308603,4590,validation
220,OCNT-2308604,4589,validation
221,OCNT-2308605,4588,train
222,OCNT-2308609,4587,train
223,OCNT-2308610,4586,train
224,OCNT-2308613,4585,test
225,OCNT-2308614,4584,train
226,OCNT-2308619,4583,train
227,OCNT-2308624,4582,train
228,OCNT-2308626,4581,train
229,OCNT-2308630,4580,train
230,OCNT-2308632,4579,train
231,OCNT-2308635,4578,validation
232,OCNT-2308638,4577,train
233,OCNT-2308640,4576,train
234,OCNT-2308641,4575,train
235,OCNT-2308645,4574,train
236,OCNT-2308646,4573,validation
237,OCNT-2308647,4572,train
238,OCNT-2308649,4571,train
239,OCNT-2308656,4570,validation
240,OCNT-2308660,4569,train
241,OCNT-2308661,4568,validation
242,OCNT-2308664,4567,validation
243,OCNT-2308666,4566,train
244,OCNT-2308667,4565,test
245,OCNT-2308674,4564,train
246,OCNT-2308676,4563,validation
247,OCNT-2308680,4562,train
248,OCNT-2308682,4561,train
249,OCNT-2308683,4560,validation
250,OCNT-2308684,4559,train
251,OCNT-2308687,4558,validation
252,OCNT-2308689,4557,train
253,OCNT-2308690,4556,train
254,OCNT-2308693,4555,train
255,OCNT-2308695,4554,train
256,OCNT-2308698,4553,train
257,OCNT-2308706,4552,train
258,OCNT-2308707,4551,train
259,OCNT-2308709,4550,train
260,OCNT-2308710,4549,validation
261,OCNT-2308711,4548,train
262,OCNT-2308715,4547,test
263,OCNT-2308723,4546,train
264,OCNT-2308724,4545,train
265,OCNT-2308733,4544,train
266,OCNT-2308739,4543,test
267,OCNT-2308740,4542,train
268,OCNT-2308744,4541,train
269,OCNT-2308747,4540,train
270,OCNT-2308748,4539,train
271,OCNT-2308752,4538,test
272,OCNT-2308758,4537,train
273,OCNT-2308759,4536,train
274,OCNT-2308760,4535,train
275,OCNT-2308762,4534,train
276,OCNT-2308763,4533,train
277,OCNT-2308765,4532,test
278,OCNT-2308766,4531,validation
279,OCNT-2308768,4530,test
280,OCNT-2308772,4529,train
281,OCNT-2308773,4528,train
282,OCNT-2308774,4527,train
283,OCNT-2308775,4526,test
284,OCNT-2308782,4525,train
285,OCNT-2308783,4524,train
286,OCNT-2308786,4523,test
287,OCNT-2308794,4522,test
288,OCNT-2308798,4521,train
289,OCNT-2308800,4520,validation
290,OCNT-2308803,4519,validation
291,OCNT-2308808,4518,train
292,OCNT-2308810,4517,test
293,OCNT-2308811,4516,validation
294,OCNT-2308814,4515,train
295,OCNT-2308817,4514,train
296,OCNT-2308818,4513,train
297,OCNT-2308821,4512,train
298,OCNT-2308822,4511,train
299,OCNT-2308829,4510,train
300,OCNT-2308832,4509,train
301,OCNT-2308837,4508,train
302,OCNT-2308838,4507,train
303,OCNT-2308839,4506,train
304,OCNT-2308840,4505,train
305,OCNT-2308842,4504,train
306,OCNT-2308847,4503,train
307,OCNT-2308850,4502,validation
308,OCNT-2308851,4501,test
309,OCNT-2308852,4500,test
310,OCNT-2308854,4499,train
311,OCNT-2308855,4498,train
312,OCNT-2308857,4497,validation
313,OCNT-2308858,4496,test
314,OCNT-2308859,4495,train
315,OCNT-2308860,4494,train
316,OCNT-2308864,4493,train
317,OCNT-2308865,4492,train
318,OCNT-2308866,4491,train
319,OCNT-2308867,4490,validation
320,OCNT-2308870,4489,train
321,OCNT-2308871,4488,validation
322,OCNT-2308872,4487,train
323,OCNT-2308873,4486,validation
324,OCNT-2308874,4485,train
325,OCNT-2308876,4484,train
326,OCNT-2308879,4483,train
327,OCNT-2308881,4482,train
328,OCNT-2308884,4481,validation
329,OCNT-2308889,4480,train
330,OCNT-2308890,4479,train
331,OCNT-2308894,4478,train
332,OCNT-2308896,4477,train
333,OCNT-2308899,4476,test
334,OCNT-2308900,4475,train
335,OCNT-2308903,4474,test
336,OCNT-2308905,4473,validation
337,OCNT-2308908,4472,validation
338,OCNT-2308914,4471,validation
339,OCNT-2308915,4470,train
340,OCNT-2308918,4469,train
341,OCNT-2308924,4468,train
342,OCNT-2308925,4467,test
343,OCNT-2308929,4466,train
344,OCNT-2308938,4465,train
345,OCNT-2308941,4464,validation
346,OCNT-2308944,4463,test
347,OCNT-2308945,4462,train
348,OCNT-2308947,4461,train
349,OCNT-2308949,4460,train
350,OCNT-2308951,4459,validation
351,OCNT-2308952,4458,train
352,OCNT-2308953,4457,train
353,OCNT-2308954,4456,train
354,OCNT-2308958,4455,validation
355,OCNT-2308961,4454,validation
356,OCNT-2308964,4453,train
357,OCNT-2308965,4452,validation
358,OCNT-2308967,4451,train
359,OCNT-2308968,4450,validation
360,OCNT-2308971,4449,test
361,OCNT-2308972,4448,train
362,OCNT-2308975,4447,train
363,OCNT-2308982,4446,train
364,OCNT-2308989,4445,test
365,OCNT-2308995,4444,train
366,OCNT-2308997,4443,train
367,OCNT-2308998,4442,train
368,OCNT-2309000,4441,train
369,OCNT-2309001,4440,train
370,OCNT-2309003,4439,train
371,OCNT-2309004,4438,train
372,OCNT-2309005,4437,train
373,OCNT-2309012,4436,train
374,OCNT-2309014,4435,validation
375,OCNT-2309016,4434,train
376,OCNT-2309019,4433,train
377,OCNT-2309022,4432,train
378,OCNT-2309024,4431,train
379,OCNT-2309025,4430,train
380,OCNT-2309026,4429,train
381,OCNT-2309028,4428,train
382,OCNT-2309034,4427,test
383,OCNT-2309038,4426,test
384,OCNT-2309039,4425,train
385,OCNT-2309040,4424,train
386,OCNT-2309041,4423,train
387,OCNT-2309042,4422,train
388,OCNT-2309054,4421,train
389,OCNT-2309057,4420,train
390,OCNT-2309062,4419,train
391,OCNT-2309065,4418,train
392,OCNT-2309067,4417,train
393,OCNT-2309070,4416,train
394,OCNT-2309071,4415,train
395,OCNT-2309075,4414,train
396,OCNT-2309077,4413,validation
397,OCNT-2309082,4412,test
398,OCNT-2309084,4411,test
399,OCNT-2309093,4410,test
400,OCNT-2309100,4409,test
401,OCNT-2309101,4408,train
402,OCNT-2309102,4407,train
403,OCNT-2309109,4406,train
404,OCNT-2309110,4405,train
405,OCNT-2309111,4404,train
406,OCNT-2309114,4403,train
407,OCNT-2309115,4402,train
408,OCNT-2309126,4401,train
409,OCNT-2309130,4400,train
410,OCNT-2309134,4399,train
411,OCNT-2309135,4398,train
412,OCNT-2309137,4397,train
413,OCNT-2309138,4396,train
414,OCNT-2309139,4395,train
415,OCNT-2309149,4394,train
416,OCNT-2309151,4393,test
417,OCNT-2309155,4392,train
418,OCNT-2309156,4391,validation
419,OCNT-2309157,4390,train
420,OCNT-2309158,4389,train
421,OCNT-2309162,4388,train
422,OCNT-2309164,4387,test
423,OCNT-2309172,4386,test
424,OCNT-2309173,4385,test
425,OCNT-2309174,4384,train
426,OCNT-2309175,4383,train
427,OCNT-2309176,4382,validation
428,OCNT-2309177,4381,validation
429,OCNT-2309179,4380,train
430,OCNT-2309181,4379,train
431,OCNT-2309184,4378,test
432,OCNT-2309185,4377,train
433,OCNT-2309187,4376,train
434,OCNT-2309190,4375,train
435,OCNT-2309191,4374,train
436,OCNT-2309193,4373,train
437,OCNT-2309194,4372,train
438,OCNT-2309196,4371,train
439,OCNT-2309198,4370,train
440,OCNT-2309200,4369,train
441,OCNT-2309204,4368,train
442,OCNT-2309206,4367,train
443,OCNT-2309207,4366,validation
444,OCNT-2309209,4365,train
445,OCNT-2309210,4364,train
446,OCNT-2309214,4363,train
447,OCNT-2309221,4362,validation
448,OCNT-2309225,4361,validation
449,OCNT-2309229,4360,train
450,OCNT-2309232,4359,train
451,OCNT-2309234,4358,train
452,OCNT-2309238,4357,train
453,OCNT-2309240,4356,train
454,OCNT-2309241,4355,test
455,OCNT-2309242,4354,train
456,OCNT-2309243,4353,train
457,OCNT-2309246,4352,test
458,OCNT-2309248,4351,test
459,OCNT-2309252,4350,train
460,OCNT-2309256,4349,train
461,OCNT-2309262,4348,train
462,OCNT-2309265,4347,train
463,OCNT-2309266,4346,train
464,OCNT-2309268,4345,train
465,OCNT-2309274,4344,train
466,OCNT-2309276,4343,train
467,OCNT-2309277,4342,train
468,OCNT-2309279,4341,train
469,OCNT-2309280,4340,train
470,OCNT-2309284,4339,validation
471,OCNT-2309286,4338,train
472,OCNT-2309290,4337,validation
473,OCNT-2309291,4336,train
474,OCNT-2309292,4335,test
475,OCNT-2309293,4334,train
476,OCNT-2309294,4333,train
477,OCNT-2309296,4332,train
478,OCNT-2309299,4331,train
479,OCNT-2309301,4330,train
480,OCNT-2309302,4329,train
481,OCNT-2309303,4328,train
482,OCNT-2309308,4327,train
483,OCNT-2309318,4326,test
484,OCNT-2309319,4325,train
485,OCNT-2309323,4324,train
486,OCNT-2309324,4323,train
487,OCNT-2309325,4322,train
488,OCNT-2309326,4321,train
489,OCNT-2309328,4320,train
490,OCNT-2309333,4319,train
491,OCNT-2309338,4318,train
492,OCNT-2309340,4317,train
493,OCNT-2309342,4316,test
494,OCNT-2309343,4315,train
495,OCNT-2309345,4314,train
496,OCNT-2309346,4313,test
497,OCNT-2309347,4312,train
498,OCNT-2309351,4311,train
499,OCNT-2309355,4310,train
500,OCNT-2309356,4309,validation
501,OCNT-2309366,4308,train
502,OCNT-2309368,4307,train
503,OCNT-2309371,4306,validation
504,OCNT-2309372,4305,train
505,OCNT-2309376,4304,train
506,OCNT-2309377,4303,validation
507,OCNT-2309378,4302,train
508,OCNT-2309379,4301,train
509,OCNT-2309390,4300,train
510,OCNT-2309393,4299,train
511,OCNT-2309395,4298,train
512,OCNT-2309396,4297,test
513,OCNT-2309398,4296,validation
514,OCNT-2309399,4295,validation
515,OCNT-2309401,4294,train
516,OCNT-2309402,4293,test
517,OCNT-2309415,4292,validation
518,OCNT-2309418,4291,train
519,OCNT-2309420,4290,train
520,OCNT-2309424,4289,train
521,OCNT-2309425,4288,train
522,OCNT-2309426,4287,test
523,OCNT-2309429,4286,train
524,OCNT-2309430,4285,test
525,OCNT-2309431,4284,train
526,OCNT-2309433,4283,train
527,OCNT-2309434,4282,train
528,OCNT-2309435,4281,train
529,OCNT-2309439,4280,train
530,OCNT-2309443,4279,train
531,OCNT-2309444,4278,validation
532,OCNT-2309445,4277,train
533,OCNT-2309447,4276,train
534,OCNT-2309448,4275,train
535,OCNT-2309449,4274,train
536,OCNT-2309451,4273,train
537,OCNT-2309455,4272,train
538,OCNT-2309458,4271,train
539,OCNT-2309459,4270,validation
540,OCNT-2309461,4269,train
541,OCNT-2309465,4268,train
542,OCNT-2309466,4267,validation
543,OCNT-2309468,4266,train
544,OCNT-2309469,4265,train
545,OCNT-2309470,4264,train
546,OCNT-2309471,4263,train
547,OCNT-2309476,4262,train
548,OCNT-2309479,4261,train
549,OCNT-2309480,4260,test
550,OCNT-2309483,4259,train
551,OCNT-2309487,4258,validation
552,OCNT-2309491,4257,train
553,OCNT-2309492,4256,train
554,OCNT-2309495,4255,validation
555,OCNT-2309498,4254,train
556,OCNT-2309499,4253,train
557,OCNT-2309500,4252,train
558,OCNT-2309501,4251,train
559,OCNT-2309502,4250,validation
560,OCNT-2309503,4249,train
561,OCNT-2309505,4248,train
562,OCNT-2309506,4247,test
563,OCNT-2309509,4246,train
564,OCNT-2309511,4245,train
565,OCNT-2309515,4244,validation
566,OCNT-2309518,4243,validation
567,OCNT-2309520,4242,train
568,OCNT-2309524,4241,train
569,OCNT-2309526,4240,train
570,OCNT-2309527,4239,train
571,OCNT-2309532,4238,test
572,OCNT-2309536,4237,train
573,OCNT-2309539,4236,test
574,OCNT-2309544,4235,test
575,OCNT-2309546,4234,train
576,OCNT-2309549,4233,train
577,OCNT-2309550,4232,test
578,OCNT-2309551,4231,train
579,OCNT-2309554,4230,train
580,OCNT-2309558,4229,train
581,OCNT-2309559,4228,train
582,OCNT-2309560,4227,validation
583,OCNT-2309565,4226,train
584,OCNT-2309567,4225,train
585,OCNT-2309572,4224,test
586,OCNT-2309576,4223,train
587,OCNT-2309577,4222,train
588,OCNT-2309578,4221,train
589,OCNT-2309581,4220,train
590,OCNT-2309582,4219,train
591,OCNT-2309583,4218,train
592,OCNT-2309586,4217,train
593,OCNT-2309589,4216,test
594,OCNT-2309593,4215,test
595,OCNT-2309595,4214,validation
596,OCNT-2309596,4213,train
597,OCNT-2309597,4212,train
598,OCNT-2309598,4211,test
599,OCNT-2309599,4210,test
600,OCNT-2309600,4209,train
601,OCNT-2309602,4208,test
602,OCNT-2309603,4207,train
603,OCNT-2309604,4206,train
604,OCNT-2309605,4205,train
605,OCNT-2309606,4204,train
606,OCNT-2309612,4203,train
607,OCNT-2309613,4202,test
608,OCNT-2309614,4201,test
609,OCNT-2309615,4200,train
610,OCNT-2309619,4199,train
611,OCNT-2309623,4198,train
612,OCNT-2309624,4197,validation
613,OCNT-2309628,4196,train
614,OCNT-2309630,4195,train
615,OCNT-2309634,4194,train
616,OCNT-2309635,4193,train
617,OCNT-2309639,4192,train
618,OCNT-2309641,4191,train
619,OCNT-2309645,4190,train
620,OCNT-2309646,4189,train
621,OCNT-2309655,4188,validation
622,OCNT-2309657,4187,train
623,OCNT-2309658,4186,train
624,OCNT-2309659,4185,train
625,OCNT-2309661,4184,train
626,OCNT-2309663,4183,train
627,OCNT-2309664,4182,train
628,OCNT-2309665,4181,test
629,OCNT-2309670,4180,train
630,OCNT-2309671,4179,train
631,OCNT-2309676,4178,train
632,OCNT-2309684,4177,train
633,OCNT-2309686,4176,test
634,OCNT-2309687,4175,train
635,OCNT-2309689,4174,train
636,OCNT-2309692,4173,train
637,OCNT-2309695,4172,validation
638,OCNT-2309696,4171,train
639,OCNT-2309697,4170,train
640,OCNT-2309699,4169,train
641,OCNT-2309702,4168,test
642,OCNT-2309704,4167,validation
643,OCNT-2309705,4166,validation
644,OCNT-2309709,4165,test
645,OCNT-2309711,4164,validation
646,OCNT-2309713,4163,train
647,OCNT-2309715,4162,train
648,OCNT-2309719,4161,train
649,OCNT-2309724,4160,train
650,OCNT-2309728,4159,train
651,OCNT-2309730,4158,train
652,OCNT-2309732,4157,train
653,OCNT-2309734,4156,validation
654,OCNT-2309736,4155,train
655,OCNT-2309742,4154,validation
656,OCNT-2309743,4153,train
657,OCNT-2309746,4152,train
658,OCNT-2309747,4151,train
659,OCNT-2309752,4150,train
660,OCNT-2309754,4149,train
661,OCNT-2309755,4148,train
662,OCNT-2309757,4147,train
663,OCNT-2309758,4146,train
664,OCNT-2309762,4145,train
665,OCNT-2309763,4144,train
666,OCNT-2309765,4143,train
667,OCNT-2309767,4142,train
668,OCNT-2309768,4141,train
669,OCNT-2309769,4140,train
670,OCNT-2309776,4139,train
671,OCNT-2309780,4138,train
672,OCNT-2309782,4137,train
673,OCNT-2309787,4136,train
674,OCNT-2309792,4135,train
675,OCNT-2309794,4134,train
676,OCNT-2309800,4133,train
677,OCNT-2309801,4132,train
678,OCNT-2309804,4131,validation
679,OCNT-2309805,4130,train
680,OCNT-2309806,4129,train
681,OCNT-2309809,4128,train
682,OCNT-2309810,4127,train
683,OCNT-2309811,4126,train
684,OCNT-2309813,4125,validation
685,OCNT-2309817,4124,test
686,OCNT-2309819,4123,train
687,OCNT-2309829,4122,train
688,OCNT-2309836,67,test
689,OCNT-2309840,4121,test
690,OCNT-2309843,4120,test
691,OCNT-2309844,4119,train
692,OCNT-2309845,4118,validation
693,OCNT-2309846,4117,train
694,OCNT-2309850,4116,test
695,OCNT-2309851,4115,train
696,OCNT-2309854,4114,train
697,OCNT-2309858,4113,train
698,OCNT-2309859,4112,train
699,OCNT-2309860,4111,train
700,OCNT-2309864,4110,train
701,OCNT-2309866,67,test
702,OCNT-2309867,4109,test
703,OCNT-2309871,4108,train
704,OCNT-2309873,4107,train
705,OCNT-2309877,4106,train
706,OCNT-2309878,4105,test
707,OCNT-2309879,4104,validation
708,OCNT-2309880,4103,test
709,OCNT-2309882,4102,train
710,OCNT-2309883,4101,train
711,OCNT-2309885,4100,train
712,OCNT-2309893,4099,train
713,OCNT-2309896,4098,train
714,OCNT-2309897,4097,train
715,OCNT-2309900,4096,train
716,OCNT-2309901,4095,train
717,OCNT-2309902,4094,validation
718,OCNT-2309905,4093,test
719,OCNT-2309910,4092,validation
720,OCNT-2309918,4091,train
721,OCNT-2309920,4090,train
722,OCNT-2309922,4089,test
723,OCNT-2309924,4088,train
724,OCNT-2309926,4087,train
725,OCNT-2309929,4086,train
726,OCNT-2309931,4085,validation
727,OCNT-2309933,4084,train
728,OCNT-2309935,4083,train
729,OCNT-2309936,4082,train
730,OCNT-2309940,4081,train
731,OCNT-2309942,4080,train
732,OCNT-2309948,4079,validation
733,OCNT-2309950,4078,train
734,OCNT-2309955,4077,train
735,OCNT-2309957,4076,train
736,OCNT-2309961,4075,train
737,OCNT-2309963,4074,train
738,OCNT-2309967,4073,train
739,OCNT-2309973,4072,train
740,OCNT-2309977,4071,train
741,OCNT-2309981,4070,train
742,OCNT-2309987,4069,train
743,OCNT-2309989,4068,train
744,OCNT-2309990,4067,validation
745,OCNT-2309991,4066,validation
746,OCNT-2309993,4065,validation
747,OCNT-2309995,4064,train
748,OCNT-2309997,4063,train
749,OCNT-2310005,4062,validation
750,OCNT-2310006,4061,train
751,OCNT-2310008,4060,train
752,OCNT-2310010,4059,train
753,OCNT-2310016,4058,train
754,OCNT-2310018,4057,train
755,OCNT-2310019,4056,validation
756,OCNT-2310021,4055,train
757,OCNT-2310022,4054,train
758,OCNT-2310023,4053,test
759,OCNT-2310024,4052,train
760,OCNT-2310028,4051,train
761,OCNT-2310034,4050,validation
762,OCNT-2310035,4049,train
763,OCNT-2310036,4048,validation
764,OCNT-2310041,4047,train
765,OCNT-2310043,4046,train
766,OCNT-2310045,4045,train
767,OCNT-2310046,4044,validation
768,OCNT-2310050,4043,validation
769,OCNT-2310052,4042,train
770,OCNT-2310055,4041,test
771,OCNT-2310056,4040,train
772,OCNT-2310059,4039,test
773,OCNT-2310061,4038,test
774,OCNT-2310066,4037,train
775,OCNT-2310067,4036,train
776,OCNT-2310072,4035,train
777,OCNT-2310073,4034,train
778,OCNT-2310076,4033,train
779,OCNT-2310081,4032,train
780,OCNT-2310083,4031,train
781,OCNT-2310084,4030,test
782,OCNT-2310085,4029,train
783,OCNT-2310087,4028,train
784,OCNT-2310088,4027,train
785,OCNT-2310089,4026,train
786,OCNT-2310093,4025,validation
787,OCNT-2310094,4024,train
788,OCNT-2310095,4023,test
789,OCNT-2310096,4022,train
790,OCNT-2310097,4021,train
791,OCNT-2310098,4020,train
792,OCNT-2310101,4019,train
793,OCNT-2310104,4018,test
794,OCNT-2310110,4017,validation
795,OCNT-2310114,4016,train
796,OCNT-2310115,4015,validation
797,OCNT-2310117,4014,train
798,OCNT-2310119,4013,train
799,OCNT-2310120,4012,train
800,OCNT-2310121,4011,test
801,OCNT-2310122,4010,test
802,OCNT-2310123,4009,train
803,OCNT-2310131,4008,test
804,OCNT-2310136,4007,train
805,OCNT-2310137,4006,test
806,OCNT-2310141,4005,train
807,OCNT-2310144,4004,train
808,OCNT-2310149,4003,train
809,OCNT-2310153,4002,train
810,OCNT-2310155,4001,train
811,OCNT-2310156,4000,validation
812,OCNT-2310157,3999,train
813,OCNT-2310158,3998,train
814,OCNT-2310159,3997,train
815,OCNT-2310161,3996,validation
816,OCNT-2310163,3995,train
817,OCNT-2310167,6,validation
818,OCNT-2310172,3994,test
819,OCNT-2310174,3993,validation
820,OCNT-2310175,3992,train
821,OCNT-2310178,3991,train
822,OCNT-2310180,3990,train
823,OCNT-2310181,3989,validation
824,OCNT-2310182,3988,train
825,OCNT-2310186,3987,train
826,OCNT-2310188,3986,train
827,OCNT-2310191,3985,train
828,OCNT-2310192,3984,validation
829,OCNT-2310193,3983,test
830,OCNT-2310197,3982,test
831,OCNT-2310199,3981,train
832,OCNT-2310201,3980,train
833,OCNT-2310202,3979,train
834,OCNT-2310207,3978,validation
835,OCNT-2310210,3977,train
836,OCNT-2310212,3976,train
837,OCNT-2310214,3975,test
838,OCNT-2310216,3974,train
839,OCNT-2310220,3973,validation
840,OCNT-2310222,3972,train
841,OCNT-2310225,3971,train
842,OCNT-2310227,3970,test
843,OCNT-2310235,3969,train
844,OCNT-2310237,3968,train
845,OCNT-2310240,3967,train
846,OCNT-2310241,3966,validation
847,OCNT-2310242,3965,train
848,OCNT-2310248,3964,train
849,OCNT-2310249,3963,train
850,OCNT-2310250,3962,train
851,OCNT-2310251,3961,train
852,OCNT-2310252,3960,train
853,OCNT-2310256,3959,train
854,OCNT-2310258,3958,validation
855,OCNT-2310260,3957,train
856,OCNT-2310261,3956,train
857,OCNT-2310262,3955,train
858,OCNT-2310264,3954,train
859,OCNT-2310265,3953,train
860,OCNT-2310269,3952,train
861,OCNT-2310279,3951,train
862,OCNT-2310283,3950,test
863,OCNT-2310286,3949,train
864,OCNT-2310288,3948,train
865,OCNT-2310289,3947,train
866,OCNT-2310291,3946,train
867,OCNT-2310292,3945,train
868,OCNT-2310298,3944,train
869,OCNT-2310303,3943,validation
870,OCNT-2310304,3942,train
871,OCNT-2310306,3941,train
872,OCNT-2310310,3940,train
873,OCNT-2310311,3939,train
874,OCNT-2310312,3938,train
875,OCNT-2310316,3937,test
876,OCNT-2310317,3936,train
877,OCNT-2310319,3935,train
878,OCNT-2310322,3934,validation
879,OCNT-2310323,3933,train
880,OCNT-2310324,3932,train
881,OCNT-2310327,3931,train
882,OCNT-2310332,3930,train
883,OCNT-2310335,3929,test
884,OCNT-2310336,3928,train
885,OCNT-2310337,3927,train
886,OCNT-2310338,3926,train
887,OCNT-2310340,3925,train
888,OCNT-2310341,3924,train
889,OCNT-2310342,3923,train
890,OCNT-2310343,3922,train
891,OCNT-2310344,3921,train
892,OCNT-2310345,3920,validation
893,OCNT-2310346,3919,train
894,OCNT-2310348,3918,test
895,OCNT-2310349,3917,train
896,OCNT-2310350,3916,train
897,OCNT-2310351,3915,train
898,OCNT-2310353,3914,test
899,OCNT-2310355,3913,train
900,OCNT-2310359,3912,train
901,OCNT-2310365,3911,train
902,OCNT-2310368,3910,train
903,OCNT-2310374,3909,train
904,OCNT-2310376,3908,train
905,OCNT-2310378,3907,train
906,OCNT-2310380,3906,train
907,OCNT-2310383,3905,train
908,OCNT-2310387,3904,validation
909,OCNT-2310389,3903,test
910,OCNT-2310393,3902,test
911,OCNT-2310396,3901,train
912,OCNT-2310397,3900,train
913,OCNT-2310398,3899,train
914,OCNT-2310401,3898,train
915,OCNT-2310404,3897,validation
916,OCNT-2310409,3896,train
917,OCNT-2310411,3895,test
918,OCNT-2310412,3894,train
919,OCNT-2310416,3893,train
920,OCNT-2310417,3892,train
921,OCNT-2310418,3891,train
922,OCNT-2310421,3890,train
923,OCNT-2310423,3889,train
924,OCNT-2310427,3888,train
925,OCNT-2310428,3887,train
926,OCNT-2310431,3886,train
927,OCNT-2310432,3885,train
928,OCNT-2310433,3884,train
929,OCNT-2310436,3883,train
930,OCNT-2310437,3882,train
931,OCNT-2310438,3881,train
932,OCNT-2310439,3880,train
933,OCNT-2310440,3879,train
934,OCNT-2310442,3878,train
935,OCNT-2310445,3877,train
936,OCNT-2310447,3876,validation
937,OCNT-2310448,3875,validation
938,OCNT-2310449,3874,train
939,OCNT-2310450,3873,train
940,OCNT-2310451,3872,train
941,OCNT-2310452,3871,test
942,OCNT-2310453,3870,train
943,OCNT-2310455,3869,train
944,OCNT-2310458,3868,validation
945,OCNT-2310461,3867,test
946,OCNT-2310463,3866,train
947,OCNT-2310465,3865,train
948,OCNT-2310469,3864,train
949,OCNT-2310470,3863,test
950,OCNT-2310471,3862,validation
951,OCNT-2310473,3861,train
952,OCNT-2310478,3860,test
953,OCNT-2310479,3859,train
954,OCNT-2310481,3858,train
955,OCNT-2310482,3857,train
956,OCNT-2310486,3856,test
957,OCNT-2310487,3855,train
958,OCNT-2310488,3854,test
959,OCNT-2310489,3853,test
960,OCNT-2310491,3852,train
961,OCNT-2310492,3851,train
962,OCNT-2310494,3850,train
963,OCNT-2310497,3849,test
964,OCNT-2310498,3848,test
965,OCNT-2310499,3847,train
966,OCNT-2310500,3846,train
967,OCNT-2310506,3845,train
968,OCNT-2310507,3844,validation
969,OCNT-2310511,3843,test
970,OCNT-2310512,3842,validation
971,OCNT-2310513,3841,train
972,OCNT-2310514,3840,train
973,OCNT-2310515,3839,train
974,OCNT-2310516,3838,train
975,OCNT-2310518,3837,validation
976,OCNT-2310519,3836,train
977,OCNT-2310522,3835,test
978,OCNT-2310525,3834,train
979,OCNT-2310526,3833,train
980,OCNT-2310527,3832,train
981,OCNT-2310528,3831,train
982,OCNT-2310532,3830,validation
983,OCNT-2310534,3829,train
984,OCNT-2310539,3828,train
985,OCNT-2310546,3827,train
986,OCNT-2310549,3826,train
987,OCNT-2310551,3825,test
988,OCNT-2310555,3824,test
989,OCNT-2310560,3823,train
990,OCNT-2310562,3822,train
991,OCNT-2310565,3821,train
992,OCNT-2310566,3820,test
993,OCNT-2310569,3819,train
994,OCNT-2310576,3818,train
995,OCNT-2310579,3817,train
996,OCNT-2310580,3816,train
997,OCNT-2310581,3815,test
998,OCNT-2310583,3814,train
999,OCNT-2310589,3813,test
1000,OCNT-2310597,3812,test
1001,OCNT-2310598,3811,train
1002,OCNT-2310599,3810,train
1003,OCNT-2310600,3809,train
1004,OCNT-2310603,3808,train
1005,OCNT-2310605,3807,train
1006,OCNT-2310606,3806,train
1007,OCNT-2310610,3805,validation
1008,OCNT-2310611,3804,train
1009,OCNT-2310612,3803,train
1010,OCNT-2310613,3802,train
1011,OCNT-2310615,3801,train
1012,OCNT-2310620,3800,test
1013,OCNT-2310621,3799,train
1014,OCNT-2310624,3798,train
1015,OCNT-2310626,3797,train
1016,OCNT-2310627,3796,train
1017,OCNT-2310629,3795,train
1018,OCNT-2310630,3794,train
1019,OCNT-2310632,3793,validation
1020,OCNT-2310634,3792,test
1021,OCNT-2310635,3791,test
1022,OCNT-2310637,3790,train
1023,OCNT-2310639,3789,train
1024,OCNT-2310640,3788,train
1025,OCNT-2310641,3787,train
1026,OCNT-2310643,3786,train
1027,OCNT-2310648,3785,validation
1028,OCNT-2310650,3784,train
1029,OCNT-2310653,3783,train
1030,OCNT-2310655,3782,train
1031,OCNT-2310657,3781,train
1032,OCNT-2310658,3780,train
1033,OCNT-2310662,3779,train
1034,OCNT-2310664,3778,train
1035,OCNT-2310665,3777,train
1036,OCNT-2310667,3776,train
1037,OCNT-2310670,3775,train
1038,OCNT-2310673,3774,train
1039,OCNT-2310674,3773,train
1040,OCNT-2310677,3772,train
1041,OCNT-2310680,3771,test
1042,OCNT-2310682,3770,train
1043,OCNT-2310684,3769,train
1044,OCNT-2310685,3768,train
1045,OCNT-2310686,3767,train
1046,OCNT-2310689,3766,test
1047,OCNT-2310690,3765,train
1048,OCNT-2310692,3764,train
1049,OCNT-2310693,3763,train
1050,OCNT-2310696,3762,test
1051,OCNT-2310697,3761,train
1052,OCNT-2310698,3760,validation
1053,OCNT-2310699,3759,validation
1054,OCNT-2310706,3758,train
1055,OCNT-2310707,3757,train
1056,OCNT-2310716,3756,validation
1057,OCNT-2310717,3755,train
1058,OCNT-2310721,3754,train
1059,OCNT-2310722,3753,train
1060,OCNT-2310724,3752,train
1061,OCNT-2310726,3751,train
1062,OCNT-2310727,3750,train
1063,OCNT-2310728,3749,train
1064,OCNT-2310732,3748,validation
1065,OCNT-2310733,3747,train
1066,OCNT-2310735,3746,train
1067,OCNT-2310736,3745,train
1068,OCNT-2310737,3744,train
1069,OCNT-2310740,3743,test
1070,OCNT-2310742,3742,train
1071,OCNT-2310745,3741,train
1072,OCNT-2310746,3740,train
1073,OCNT-2310747,3739,train
1074,OCNT-2310751,3738,train
1075,OCNT-2310755,3737,train
1076,OCNT-2310757,3736,validation
1077,OCNT-2310758,3735,train
1078,OCNT-2310759,3734,test
1079,OCNT-2310760,3733,train
1080,OCNT-2310763,3732,train
1081,OCNT-2310764,3731,train
1082,OCNT-2310770,3730,train
1083,OCNT-2310776,3729,train
1084,OCNT-2310779,3728,train
1085,OCNT-2310782,3727,train
1086,OCNT-2310785,3726,train
1087,OCNT-2310791,3725,train
1088,OCNT-2310795,3724,train
1089,OCNT-2310796,3723,train
1090,OCNT-2310797,3722,validation
1091,OCNT-2310798,3721,train
1092,OCNT-2310801,3720,test
1093,OCNT-2310802,3719,train
1094,OCNT-2310804,3718,test
1095,OCNT-2310808,3717,train
1096,OCNT-2310809,3716,validation
1097,OCNT-2310813,3715,train
1098,OCNT-2310815,3714,train
1099,OCNT-2310816,3713,train
1100,OCNT-2310817,3712,validation
1101,OCNT-2310822,3711,train
1102,OCNT-2310823,3710,train
1103,OCNT-2310824,3709,train
1104,OCNT-2310825,3708,validation
1105,OCNT-2310826,3707,train
1106,OCNT-2310827,3706,test
1107,OCNT-2310828,3705,train
1108,OCNT-2310829,3704,train
1109,OCNT-2310830,3703,test
1110,OCNT-2310831,3702,train
1111,OCNT-2310833,3701,validation
1112,OCNT-2310834,3700,train
1113,OCNT-2310835,3699,train
1114,OCNT-2310837,3698,train
1115,OCNT-2310839,3697,train
1116,OCNT-2310840,3696,train
1117,OCNT-2310843,3695,train
1118,OCNT-2310845,3694,train
1119,OCNT-2310846,3693,train
1120,OCNT-2310851,3692,train
1121,OCNT-2310852,3691,test
1122,OCNT-2310853,3690,train
1123,OCNT-2310854,3689,train
1124,OCNT-2310856,3688,train
1125,OCNT-2310858,3687,test
1126,OCNT-2310859,3686,validation
1127,OCNT-2310861,3685,test
1128,OCNT-2310864,3684,validation
1129,OCNT-2310867,3683,test
1130,OCNT-2310868,3682,train
1131,OCNT-2310871,3681,validation
1132,OCNT-2310873,3680,test
1133,OCNT-2310875,3679,train
1134,OCNT-2310878,3678,train
1135,OCNT-2310880,3677,train
1136,OCNT-2310884,3676,train
1137,OCNT-2310885,3675,train
1138,OCNT-2310886,3674,validation
1139,OCNT-2310888,3673,train
1140,OCNT-2310890,3672,validation
1141,OCNT-2310893,3671,validation
1142,OCNT-2310899,3670,train
1143,OCNT-2310900,3669,test
1144,OCNT-2310901,3668,train
1145,OCNT-2310904,3667,train
1146,OCNT-2310905,3666,validation
1147,OCNT-2310907,3665,train
1148,OCNT-2310909,3664,validation
1149,OCNT-2310910,3663,test
1150,OCNT-2310911,3662,train
1151,OCNT-2310913,3661,train
1152,OCNT-2310916,3660,train
1153,OCNT-2310917,3659,train
1154,OCNT-2310919,3658,validation
1155,OCNT-2310920,3657,train
1156,OCNT-2310923,3656,train
1157,OCNT-2310924,3655,train
1158,OCNT-2310925,3654,train
1159,OCNT-2310927,3653,train
1160,OCNT-2310928,3652,train
1161,OCNT-2310932,3651,train
1162,OCNT-2310935,3650,train
1163,OCNT-2310937,3649,train
1164,OCNT-2310939,3648,train
1165,OCNT-2310941,3647,train
1166,OCNT-2310942,3646,train
1167,OCNT-2310944,3645,test
1168,OCNT-2310945,3644,train
1169,OCNT-2310946,3643,train
1170,OCNT-2310948,3642,test
1171,OCNT-2310949,3641,train
1172,OCNT-2310952,3640,train
1173,OCNT-2310953,3639,train
1174,OCNT-2310955,3638,train
1175,OCNT-2310956,3637,validation
1176,OCNT-2310958,3636,validation
1177,OCNT-2310962,3635,validation
1178,OCNT-2310963,3634,train
1179,OCNT-2310967,3633,train
1180,OCNT-2310968,3632,train
1181,OCNT-2310969,3631,train
1182,OCNT-2310970,3630,validation
1183,OCNT-2310971,3629,train
1184,OCNT-2310974,3628,train
1185,OCNT-2310977,3627,train
1186,OCNT-2310978,3626,train
1187,OCNT-2310979,3625,train
1188,OCNT-2310980,3624,train
1189,OCNT-2310981,3623,train
1190,OCNT-2310983,3622,train
1191,OCNT-2310986,3621,train
1192,OCNT-2310987,3620,train
1193,OCNT-2310988,3619,train
1194,OCNT-2310989,3618,train
1195,OCNT-2310993,3617,validation
1196,OCNT-2310994,3616,train
1197,OCNT-2310997,3615,train
1198,OCNT-2311003,3614,train
1199,OCNT-2311004,3613,validation
1200,OCNT-2311009,3612,test
1201,OCNT-2311010,3611,train
1202,OCNT-2311014,3610,validation
1203,OCNT-2311016,3609,test
1204,OCNT-2311017,3608,train
1205,OCNT-2311018,3607,train
1206,OCNT-2311020,3606,train
1207,OCNT-2311021,3605,train
1208,OCNT-2311024,3604,train
1209,OCNT-2311028,3603,test
1210,OCNT-2311030,3602,train
1211,OCNT-2311031,3601,test
1212,OCNT-2311032,3600,validation
1213,OCNT-2311034,3599,test
1214,OCNT-2311042,3598,train
1215,OCNT-2311050,3597,test
1216,OCNT-2311052,3596,test
1217,OCNT-2311053,3595,validation
1218,OCNT-2311055,3594,train
1219,OCNT-2311058,3593,validation
1220,OCNT-2311059,3592,train
1221,OCNT-2311060,3591,test
1222,OCNT-2311061,3590,validation
1223,OCNT-2311064,3589,train
1224,OCNT-2311070,3588,train
1225,OCNT-2311071,3587,train
1226,OCNT-2311072,3586,train
1227,OCNT-2311074,3585,train
1228,OCNT-2311075,3584,train
1229,OCNT-2311081,3583,train
1230,OCNT-2311083,3582,train
1231,OCNT-2311086,3581,train
1232,OCNT-2311087,3580,train
1233,OCNT-2311088,3579,validation
1234,OCNT-2311090,3578,train
1235,OCNT-2311091,3577,train
1236,OCNT-2311092,3576,validation
1237,OCNT-2311094,3575,train
1238,OCNT-2311095,3574,train
1239,OCNT-2311097,3573,train
1240,OCNT-2311100,3572,train
1241,OCNT-2311101,3571,train
1242,OCNT-2311102,3570,train
1243,OCNT-2311105,3569,train
1244,OCNT-2311106,3568,train
1245,OCNT-2311107,3567,train
1246,OCNT-2311111,3566,train
1247,OCNT-2311113,3565,train
1248,OCNT-2311117,3564,train
1249,OCNT-2311121,3563,validation
1250,OCNT-2311123,3562,validation
1251,OCNT-2311128,3561,validation
1252,OCNT-2311132,3560,train
1253,OCNT-2311133,3559,validation
1254,OCNT-2311134,3558,train
1255,OCNT-2311135,3557,train
1256,OCNT-2311136,3556,train
1257,OCNT-2311138,3555,train
1258,OCNT-2311145,3554,train
1259,OCNT-2311147,3553,validation
1260,OCNT-2311148,3552,train
1261,OCNT-2311150,3551,train
1262,OCNT-2311152,3550,test
1263,OCNT-2311154,3549,train
1264,OCNT-2311155,3548,validation
1265,OCNT-2311159,3547,validation
1266,OCNT-2311160,3546,train
1267,OCNT-2311162,3545,train
1268,OCNT-2311164,3544,train
1269,OCNT-2311166,3543,test
1270,OCNT-2311175,3542,train
1271,OCNT-2311178,3541,validation
1272,OCNT-2311179,3540,test
1273,OCNT-2311180,3539,train
1274,OCNT-2311182,3538,train
1275,OCNT-2311185,3537,train
1276,OCNT-2311187,28,validation
1277,OCNT-2311191,3536,train
1278,OCNT-2311194,3535,train
1279,OCNT-2311197,3534,train
1280,OCNT-2311199,3533,validation
1281,OCNT-2311200,3532,test
1282,OCNT-2311202,3531,train
1283,OCNT-2311203,3530,test
1284,OCNT-2311204,3529,test
1285,OCNT-2311205,3528,test
1286,OCNT-2311206,3527,train
1287,OCNT-2311212,3526,train
1288,OCNT-2311213,3525,train
1289,OCNT-2311215,3524,train
1290,OCNT-2311219,3523,train
1291,OCNT-2311220,3522,train
1292,OCNT-2311222,3521,train
1293,OCNT-2311225,3520,train
1294,OCNT-2311229,3519,train
1295,OCNT-2311231,3518,test
1296,OCNT-2311233,3517,train
1297,OCNT-2311234,3516,train
1298,OCNT-2311235,3515,train
1299,OCNT-2311239,3514,train
1300,OCNT-2311240,3513,train
1301,OCNT-2311245,3512,validation
1302,OCNT-2311249,3511,train
1303,OCNT-2311250,3510,train
1304,OCNT-2311251,3509,validation
1305,OCNT-2311252,3508,train
1306,OCNT-2311253,3507,train
1307,OCNT-2311255,3506,train
1308,OCNT-2311256,3505,test
1309,OCNT-2311259,3504,train
1310,OCNT-2311260,3503,validation
1311,OCNT-2311263,3502,validation
1312,OCNT-2311264,3501,train
1313,OCNT-2311268,3500,train
1314,OCNT-2311278,3499,test
1315,OCNT-2311279,3498,train
1316,OCNT-2311281,3497,test
1317,OCNT-2311282,3496,train
1318,OCNT-2311283,3495,train
1319,OCNT-2311287,3494,test
1320,OCNT-2311289,3493,train
1321,OCNT-2311291,3492,train
1322,OCNT-2311293,3491,train
1323,OCNT-2311294,3490,train
1324,OCNT-2311299,3489,test
1325,OCNT-2311302,3488,train
1326,OCNT-2311303,3487,validation
1327,OCNT-2311306,3486,train
1328,OCNT-2311309,3485,train
1329,OCNT-2311310,3484,train
1330,OCNT-2311311,3483,train
1331,OCNT-2311312,3482,validation
1332,OCNT-2311313,3481,train
1333,OCNT-2311316,3480,train
1334,OCNT-2311317,3479,train
1335,OCNT-2311320,3478,validation
1336,OCNT-2311325,3477,test
1337,OCNT-2311328,3476,train
1338,OCNT-2311331,3475,train
1339,OCNT-2311335,3474,train
1340,OCNT-2311336,3473,train
1341,OCNT-2311337,3472,train
1342,OCNT-2311338,3471,train
1343,OCNT-2311340,3470,train
1344,OCNT-2311343,3469,train
1345,OCNT-2311344,3468,train
1346,OCNT-2311351,3467,validation
1347,OCNT-2311357,3466,train
1348,OCNT-2311370,3465,train
1349,OCNT-2311372,3464,test
1350,OCNT-2311376,3463,validation
1351,OCNT-2311379,3462,train
1352,OCNT-2311380,3461,train
1353,OCNT-2311381,3460,train
1354,OCNT-2311382,3459,train
1355,OCNT-2311387,3458,train
1356,OCNT-2311391,3457,train
1357,OCNT-2311392,3456,train
1358,OCNT-2311393,3455,test
1359,OCNT-2311397,3454,train
1360,OCNT-2311399,3453,validation
1361,OCNT-2311402,3452,test
1362,OCNT-2311403,3451,train
1363,OCNT-2311405,3450,train
1364,OCNT-2311413,3449,train
1365,OCNT-2311414,3448,train
1366,OCNT-2311419,3447,train
1367,OCNT-2311427,3446,train
1368,OCNT-2311435,3445,train
1369,OCNT-2311436,3444,train
1370,OCNT-2311437,3443,test
1371,OCNT-2311438,3442,validation
1372,OCNT-2311440,3441,train
1373,OCNT-2311447,3440,train
1374,OCNT-2311450,3439,train
1375,OCNT-2311453,3438,test
1376,OCNT-2311457,3437,train
1377,OCNT-2311461,3436,test
1378,OCNT-2311462,3435,train
1379,OCNT-2311473,3434,train
1380,OCNT-2311474,3433,train
1381,OCNT-2311478,3432,validation
1382,OCNT-2311479,3431,train
1383,OCNT-2311487,3430,train
1384,OCNT-2311488,3429,train
1385,OCNT-2311489,3428,train
1386,OCNT-2311490,3427,train
1387,OCNT-2311493,3426,train
1388,OCNT-2311498,3425,train
1389,OCNT-2311500,3424,train
1390,OCNT-2311501,3423,train
1391,OCNT-2311502,3422,train
1392,OCNT-2311507,3421,train
1393,OCNT-2311508,3420,train
1394,OCNT-2311511,3419,validation
1395,OCNT-2311515,3418,train
1396,OCNT-2311516,3417,validation
1397,OCNT-2311517,3416,train
1398,OCNT-2311523,3415,test
1399,OCNT-2311525,3414,train
1400,OCNT-2311532,3413,validation
1401,OCNT-2311533,3412,train
1402,OCNT-2311534,3411,train
1403,OCNT-2311537,3410,train
1404,OCNT-2311540,3409,train
1405,OCNT-2311542,3408,train
1406,OCNT-2311547,3407,validation
1407,OCNT-2311552,3406,train
1408,OCNT-2311554,3405,train
1409,OCNT-2311556,3404,test
1410,OCNT-2311559,3403,train
1411,OCNT-2311562,3402,validation
1412,OCNT-2311565,3401,train
1413,OCNT-2311567,3400,train
1414,OCNT-2311569,3399,test
1415,OCNT-2311571,3398,train
1416,OCNT-2311573,3397,train
1417,OCNT-2311574,3396,validation
1418,OCNT-2311582,3395,test
1419,OCNT-2311588,3394,train
1420,OCNT-2311590,3393,train
1421,OCNT-2311592,3392,train
1422,OCNT-2311596,3391,train
1423,OCNT-2311598,3390,train
1424,OCNT-2311600,3389,train
1425,OCNT-2311602,3388,train
1426,OCNT-2311604,3387,train
1427,OCNT-2311606,3386,test
1428,OCNT-2311610,3385,train
1429,OCNT-2311615,3384,train
1430,OCNT-2311616,3383,train
1431,OCNT-2311617,3382,train
1432,OCNT-2311619,3381,train
1433,OCNT-2311620,3380,train
1434,OCNT-2311621,3379,train
1435,OCNT-2311623,3378,train
1436,OCNT-2311624,3377,test
1437,OCNT-2311626,3376,train
1438,OCNT-2311627,3375,train
1439,OCNT-2311629,3374,validation
1440,OCNT-2311630,3373,train
1441,OCNT-2311633,3372,test
1442,OCNT-2311634,3371,train
1443,OCNT-2311635,3370,train
1444,OCNT-2311636,3369,validation
1445,OCNT-2311637,3368,train
1446,OCNT-2311638,3367,train
1447,OCNT-2311644,3366,train
1448,OCNT-2311651,3365,train
1449,OCNT-2311652,3364,validation
1450,OCNT-2311653,3363,train
1451,OCNT-2311655,3362,train
1452,OCNT-2311656,3361,train
1453,OCNT-2311661,3360,train
1454,OCNT-2311662,3359,train
1455,OCNT-2311663,3358,train
1456,OCNT-2311664,3357,train
1457,OCNT-2311665,3356,train
1458,OCNT-2311669,3355,train
1459,OCNT-2311674,3354,train
1460,OCNT-2311676,3353,train
1461,OCNT-2311678,3352,test
1462,OCNT-2311680,3351,test
1463,OCNT-2311681,3350,test
1464,OCNT-2311682,3349,train
1465,OCNT-2311683,3348,train
1466,OCNT-2311686,3347,train
1467,OCNT-2311687,3346,train
1468,OCNT-2311688,3345,train
1469,OCNT-2311689,3344,train
1470,OCNT-2311697,3343,train
1471,OCNT-2311706,3342,train
1472,OCNT-2311707,3341,train
1473,OCNT-2311708,3340,train
1474,OCNT-2311709,3339,validation
1475,OCNT-2311711,3338,train
1476,OCNT-2311714,3337,train
1477,OCNT-2311721,3336,train
1478,OCNT-2311722,3335,train
1479,OCNT-2311723,3334,train
1480,OCNT-2311724,3333,test
1481,OCNT-2311726,3332,train
1482,OCNT-2311727,3331,train
1483,OCNT-2311728,3330,test
1484,OCNT-2311730,3329,train
1485,OCNT-2311731,3328,train
1486,OCNT-2311732,3327,train
1487,OCNT-2311737,3326,train
1488,OCNT-2311745,3325,train
1489,OCNT-2311748,3324,train
1490,OCNT-2311751,3323,train
1491,OCNT-2311752,3322,train
1492,OCNT-2311754,3321,test
1493,OCNT-2311756,3320,train
1494,OCNT-2311758,3319,train
1495,OCNT-2311760,3318,test
1496,OCNT-2311762,3317,train
1497,OCNT-2311765,3316,train
1498,OCNT-2311766,3315,train
1499,OCNT-2311769,3314,train
1500,OCNT-2311771,3313,train
1501,OCNT-2311773,3312,train
1502,OCNT-2311777,3311,train
1503,OCNT-2311779,3310,train
1504,OCNT-2311780,3309,train
1505,OCNT-2311781,3308,validation
1506,OCNT-2311782,3307,test
1507,OCNT-2311783,3306,train
1508,OCNT-2311786,3305,train
1509,OCNT-2311787,3304,validation
1510,OCNT-2311790,3303,train
1511,OCNT-2311792,3302,train
1512,OCNT-2311794,3301,train
1513,OCNT-2311797,3300,train
1514,OCNT-2311800,3299,test
1515,OCNT-2311801,3298,validation
1516,OCNT-2311802,3297,test
1517,OCNT-2311803,3296,test
1518,OCNT-2311804,3295,train
1519,OCNT-2311805,3294,validation
1520,OCNT-2311806,24,test
1521,OCNT-2311807,3293,train
1522,OCNT-2311808,3292,validation
1523,OCNT-2311815,3291,train
1524,OCNT-2311816,3290,train
1525,OCNT-2311817,3289,train
1526,OCNT-2311818,3288,train
1527,OCNT-2311819,3287,train
1528,OCNT-2311821,3286,test
1529,OCNT-2311822,3285,train
1530,OCNT-2311823,3284,train
1531,OCNT-2311826,3283,test
1532,OCNT-2311829,3282,train
1533,OCNT-2311830,3281,test
1534,OCNT-2311831,3280,train
1535,OCNT-2311832,3279,train
1536,OCNT-2311834,3278,train
1537,OCNT-2311835,3277,train
1538,OCNT-2311839,3276,train
1539,OCNT-2311840,3275,validation
1540,OCNT-2311844,3274,train
1541,OCNT-2311846,3273,train
1542,OCNT-2311849,3272,train
1543,OCNT-2311855,3271,train
1544,OCNT-2311856,3270,test
1545,OCNT-2311862,3269,train
1546,OCNT-2311864,3268,train
1547,OCNT-2311870,3267,train
1548,OCNT-2311871,3266,train
1549,OCNT-2311873,3265,train
1550,OCNT-2311875,3264,validation
1551,OCNT-2311886,3263,validation
1552,OCNT-2311887,3262,train
1553,OCNT-2311888,3261,validation
1554,OCNT-2311889,3260,validation
1555,OCNT-2311890,3259,train
1556,OCNT-2311892,3258,train
1557,OCNT-2311897,3257,train
1558,OCNT-2311899,3256,train
1559,OCNT-2311901,3255,test
1560,OCNT-2311902,3254,train
1561,OCNT-2311905,3253,train
1562,OCNT-2311907,3252,test
1563,OCNT-2311908,3251,train
1564,OCNT-2311909,3250,train
1565,OCNT-2311912,3249,test
1566,OCNT-2311913,3248,train
1567,OCNT-2311914,3247,test
1568,OCNT-2311915,3246,train
1569,OCNT-2311916,3245,train
1570,OCNT-2311918,3244,train
1571,OCNT-2311920,3243,train
1572,OCNT-2311921,3242,test
1573,OCNT-2311925,3241,test
1574,OCNT-2311929,3240,train
1575,OCNT-2311931,3239,train
1576,OCNT-2311934,3238,test
1577,OCNT-2311935,3237,train
1578,OCNT-2311937,3236,train
1579,OCNT-2311938,3235,train
1580,OCNT-2311948,3234,train
1581,OCNT-2311950,3233,train
1582,OCNT-2311955,3232,train
1583,OCNT-2311956,3231,train
1584,OCNT-2311958,3230,train
1585,OCNT-2311961,3229,train
1586,OCNT-2311962,3228,train
1587,OCNT-2311967,3227,train
1588,OCNT-2311971,3226,validation
1589,OCNT-2311975,3225,train
1590,OCNT-2311976,3224,train
1591,OCNT-2311984,3223,train
1592,OCNT-2311985,3222,train
1593,OCNT-2311986,3221,train
1594,OCNT-2311990,3220,train
1595,OCNT-2311993,3219,train
1596,OCNT-2311994,3218,test
1597,OCNT-2311995,3217,train
1598,OCNT-2311997,3216,train
1599,OCNT-2311998,3215,train
1600,OCNT-2312000,3214,train
1601,OCNT-2312002,3213,train
1602,OCNT-2312004,3212,train
1603,OCNT-2312008,3211,train
1604,OCNT-2312009,3210,train
1605,OCNT-2312011,3209,train
1606,OCNT-2312012,3208,train
1607,OCNT-2312014,3207,train
1608,OCNT-2312015,3206,validation
1609,OCNT-2312016,3205,test
1610,OCNT-2312020,3204,train
1611,OCNT-2312021,3203,test
1612,OCNT-2312024,3202,train
1613,OCNT-2312027,3201,train
1614,OCNT-2312029,3200,train
1615,OCNT-2312033,3199,train
1616,OCNT-2312038,3198,train
1617,OCNT-2312041,3197,validation
1618,OCNT-2312044,3196,train
1619,OCNT-2312045,3195,train
1620,OCNT-2312046,3194,train
1621,OCNT-2312047,3193,train
1622,OCNT-2312048,3192,train
1623,OCNT-2312049,3191,train
1624,OCNT-2312053,3190,validation
1625,OCNT-2312054,3189,train
1626,OCNT-2312058,3188,train
1627,OCNT-2312061,3187,validation
1628,OCNT-2312062,3186,train
1629,OCNT-2312063,3185,train
1630,OCNT-2312066,3184,train
1631,OCNT-2312068,3183,train
1632,OCNT-2312069,3182,train
1633,OCNT-2312071,3181,train
1634,OCNT-2312074,3180,train
1635,OCNT-2312078,3179,test
1636,OCNT-2312083,3178,train
1637,OCNT-2312085,3177,train
1638,OCNT-2312087,3176,train
1639,OCNT-2312089,3175,train
1640,OCNT-2312094,3174,train
1641,OCNT-2312095,3173,train
1642,OCNT-2312096,3172,train
1643,OCNT-2312098,3171,train
1644,OCNT-2312099,3170,train
1645,OCNT-2312101,3169,train
1646,OCNT-2312102,3168,train
1647,OCNT-2312103,3167,train
1648,OCNT-2312104,3166,train
1649,OCNT-2312106,3165,train
1650,OCNT-2312107,3164,train
1651,OCNT-2312108,3163,train
1652,OCNT-2312110,3162,train
1653,OCNT-2312113,3161,train
1654,OCNT-2312118,3160,test
1655,OCNT-2312122,3159,test
1656,OCNT-2312131,3158,train
1657,OCNT-2312136,3157,train
1658,OCNT-2312140,3156,train
1659,OCNT-2312144,3155,train
1660,OCNT-2312145,3154,train
1661,OCNT-2312148,3153,train
1662,OCNT-2312150,3152,train
1663,OCNT-2312154,3151,train
1664,OCNT-2312156,3150,train
1665,OCNT-2312161,3149,train
1666,OCNT-2312162,3148,train
1667,OCNT-2312165,3147,train
1668,OCNT-2312168,3146,validation
1669,OCNT-2312173,3145,train
1670,OCNT-2312174,3144,test
1671,OCNT-2312180,3143,train
1672,OCNT-2312189,3142,train
1673,OCNT-2312191,3141,test
1674,OCNT-2312197,3140,train
1675,OCNT-2312204,3139,validation
1676,OCNT-2312206,3138,validation
1677,OCNT-2312208,3137,train
1678,OCNT-2312209,3136,train
1679,OCNT-2312210,3135,test
1680,OCNT-2312211,3134,train
1681,OCNT-2312217,3133,train
1682,OCNT-2312218,3132,train
1683,OCNT-2312222,3131,train
1684,OCNT-2312226,3130,train
1685,OCNT-2312227,3129,train
1686,OCNT-2312229,3128,train
1687,OCNT-2312230,3127,train
1688,OCNT-2312233,3126,train
1689,OCNT-2312235,3125,validation
1690,OCNT-2312236,3124,train
1691,OCNT-2312237,3123,train
1692,OCNT-2312239,3122,train
1693,OCNT-2312240,3121,train
1694,OCNT-2312244,3120,train
1695,OCNT-2312247,3119,validation
1696,OCNT-2312252,3118,train
1697,OCNT-2312258,3117,train
1698,OCNT-2312267,3116,test
1699,OCNT-2312272,3115,train
1700,OCNT-2312277,3114,train
1701,OCNT-2312278,3113,test
1702,OCNT-2312280,3112,train
1703,OCNT-2312281,3111,train
1704,OCNT-2312285,3110,train
1705,OCNT-2312286,3109,train
1706,OCNT-2312288,3108,train
1707,OCNT-2312291,3107,train
1708,OCNT-2312293,3106,test
1709,OCNT-2312299,3105,validation
1710,OCNT-2312301,3104,train
1711,OCNT-2312302,3103,train
1712,OCNT-2312303,3102,train
1713,OCNT-2312305,3101,train
1714,OCNT-2312308,3100,train
1715,OCNT-2312311,3099,test
1716,OCNT-2312312,3098,test
1717,OCNT-2312315,3097,test
1718,OCNT-2312316,3096,train
1719,OCNT-2312317,3095,validation
1720,OCNT-2312322,3094,test
1721,OCNT-2312329,3093,train
1722,OCNT-2312331,3092,train
1723,OCNT-2312333,3091,train
1724,OCNT-2312337,3090,validation
1725,OCNT-2312338,3089,train
1726,OCNT-2312342,3088,train
1727,OCNT-2312348,3087,test
1728,OCNT-2312351,3086,train
1729,OCNT-2312352,3085,train
1730,OCNT-2312354,3084,validation
1731,OCNT-2312355,3083,test
1732,OCNT-2312358,3082,train
1733,OCNT-2312363,3081,train
1734,OCNT-2312364,3080,train
1735,OCNT-2312367,3079,train
1736,OCNT-2312368,3078,train
1737,OCNT-2312372,3077,test
1738,OCNT-2312373,3076,validation
1739,OCNT-2312376,3075,train
1740,OCNT-2312377,3074,train
1741,OCNT-2312382,3073,validation
1742,OCNT-2312384,3072,train
1743,OCNT-2312385,3071,test
1744,OCNT-2312387,3070,train
1745,OCNT-2312388,3069,validation
1746,OCNT-2312389,3068,validation
1747,OCNT-2312392,3067,validation
1748,OCNT-2312394,3066,train
1749,OCNT-2312396,3065,train
1750,OCNT-2312397,3064,train
1751,OCNT-2312400,3063,train
1752,OCNT-2312401,3062,train
1753,OCNT-2312402,3061,train
1754,OCNT-2312403,3060,train
1755,OCNT-2312404,3059,train
1756,OCNT-2312407,3058,train
1757,OCNT-2312409,3057,test
1758,OCNT-2312410,3056,validation
1759,OCNT-2312411,3055,train
1760,OCNT-2312414,3054,test
1761,OCNT-2312415,3053,train
1762,OCNT-2312417,3052,train
1763,OCNT-2312418,3051,test
1764,OCNT-2312420,3050,train
1765,OCNT-2312422,3049,train
1766,OCNT-2312427,3048,train
1767,OCNT-2312429,3047,validation
1768,OCNT-2312433,3046,validation
1769,OCNT-2312434,3045,validation
1770,OCNT-2312435,3044,train
1771,OCNT-2312437,3043,validation
1772,OCNT-2312441,3042,train
1773,OCNT-2312442,3041,train
1774,OCNT-2312443,3040,train
1775,OCNT-2312444,3039,train
1776,OCNT-2312445,3038,validation
1777,OCNT-2312448,3037,train
1778,OCNT-2312449,3036,train
1779,OCNT-2312454,3035,train
1780,OCNT-2312456,3034,train
1781,OCNT-2312460,3033,train
1782,OCNT-2312462,3032,train
1783,OCNT-2312463,3031,train
1784,OCNT-2312465,3030,train
1785,OCNT-2312466,3029,train
1786,OCNT-2312472,3028,train
1787,OCNT-2312476,3027,train
1788,OCNT-2312478,3026,train
1789,OCNT-2312480,3025,test
1790,OCNT-2312481,3024,train
1791,OCNT-2312485,3023,test
1792,OCNT-2312486,3022,train
1793,OCNT-2312493,3021,train
1794,OCNT-2312495,3020,train
1795,OCNT-2312496,3019,train
1796,OCNT-2312497,3018,train
1797,OCNT-2312504,3017,train
1798,OCNT-2312506,3016,train
1799,OCNT-2312510,3015,train
1800,OCNT-2312511,3014,train
1801,OCNT-2312517,3013,train
1802,OCNT-2312522,3012,train
1803,OCNT-2312525,3011,train
1804,OCNT-2312526,3010,train
1805,OCNT-2312527,3009,train
1806,OCNT-2312529,3008,train
1807,OCNT-2312530,3007,train
1808,OCNT-2312537,3006,train
1809,OCNT-2312542,3005,train
1810,OCNT-2312545,3004,train
1811,OCNT-2312546,3003,validation
1812,OCNT-2312554,3002,train
1813,OCNT-2312555,3001,train
1814,OCNT-2312556,3000,validation
1815,OCNT-2312558,2999,train
1816,OCNT-2312559,2998,train
1817,OCNT-2312563,2997,validation
1818,OCNT-2312567,2996,test
1819,OCNT-2312575,2995,train
1820,OCNT-2312581,2994,train
1821,OCNT-2312587,2993,train
1822,OCNT-2312592,2992,train
1823,OCNT-2312594,2991,test
1824,OCNT-2312595,2990,train
1825,OCNT-2312598,2989,test
1826,OCNT-2312600,2988,train
1827,OCNT-2312601,2987,train
1828,OCNT-2312603,2986,train
1829,OCNT-2312604,2985,validation
1830,OCNT-2312606,2984,train
1831,OCNT-2312607,2983,train
1832,OCNT-2312608,2982,train
1833,OCNT-2312610,2981,test
1834,OCNT-2312612,2980,train
1835,OCNT-2312616,2979,train
1836,OCNT-2312617,2978,train
1837,OCNT-2312624,2977,train
1838,OCNT-2312626,2976,test
1839,OCNT-2312630,2975,train
1840,OCNT-2312638,2974,train
1841,OCNT-2312641,2973,train
1842,OCNT-2312650,2972,train
1843,OCNT-2312654,2971,validation
1844,OCNT-2312656,2970,train
1845,OCNT-2312658,2969,train
1846,OCNT-2312659,2968,train
1847,OCNT-2312662,2967,train
1848,OCNT-2312663,2966,train
1849,OCNT-2312668,2965,train
1850,OCNT-2312674,2964,train
1851,OCNT-2312691,2963,train
1852,OCNT-2312697,2962,train
1853,OCNT-2312701,2961,train
1854,OCNT-2312702,2960,test
1855,OCNT-2312704,2959,train
1856,OCNT-2312706,2958,test
1857,OCNT-2312707,2957,train
1858,OCNT-2312712,2956,test
1859,OCNT-2312713,2955,train
1860,OCNT-2312714,2954,validation
1861,OCNT-2312716,2953,train
1862,OCNT-2312719,2952,test
1863,OCNT-2312720,2951,test
1864,OCNT-2312721,2950,train
1865,OCNT-2312722,2949,train
1866,OCNT-2312726,2948,train
1867,OCNT-2312728,2947,train
1868,OCNT-2312729,2946,train
1869,OCNT-2312730,2945,train
1870,OCNT-2312731,2944,test
1871,OCNT-2312732,2943,train
1872,OCNT-2312735,2942,validation
1873,OCNT-2312737,2941,test
1874,OCNT-2312738,2940,train
1875,OCNT-2312740,2939,train
1876,OCNT-2312741,2938,train
1877,OCNT-2312742,2937,train
1878,OCNT-2312743,2936,test
1879,OCNT-2312744,2935,validation
1880,OCNT-2312746,2934,train
1881,OCNT-2312749,2933,train
1882,OCNT-2312754,2932,train
1883,OCNT-2312755,2931,train
1884,OCNT-2312756,2930,train
1885,OCNT-2312757,2929,train
1886,OCNT-2312760,2928,train
1887,OCNT-2312769,2927,train
1888,OCNT-2312771,2926,train
1889,OCNT-2312772,2925,train
1890,OCNT-2312773,2924,test
1891,OCNT-2312776,2923,validation
1892,OCNT-2312779,2922,validation
1893,OCNT-2312780,2921,test
1894,OCNT-2312781,2920,test
1895,OCNT-2312783,2919,train
1896,OCNT-2312787,2918,train
1897,OCNT-2312791,2917,train
1898,OCNT-2312794,2916,test
1899,OCNT-2312795,2915,train
1900,OCNT-2312797,2914,test
1901,OCNT-2312798,2913,test
1902,OCNT-2312800,2912,train
1903,OCNT-2312801,2911,test
1904,OCNT-2312805,2910,test
1905,OCNT-2312807,2909,validation
1906,OCNT-2312808,2908,train
1907,OCNT-2312817,2907,train
1908,OCNT-2312818,2906,train
1909,OCNT-2312822,2905,train
1910,OCNT-2312825,2904,train
1911,OCNT-2312826,2903,train
1912,OCNT-2312830,2902,train
1913,OCNT-2312831,2901,train
1914,OCNT-2312832,2900,train
1915,OCNT-2312833,2899,train
1916,OCNT-2312836,2898,test
1917,OCNT-2312846,2897,train
1918,OCNT-2312847,2896,train
1919,OCNT-2312850,2895,train
1920,OCNT-2312851,2894,validation
1921,OCNT-2312853,2893,train
1922,OCNT-2312856,2892,train
1923,OCNT-2312859,2891,train
1924,OCNT-2312860,2890,train
1925,OCNT-2312862,2889,train
1926,OCNT-2312865,2888,train
1927,OCNT-2312866,2887,test
1928,OCNT-2312868,2886,validation
1929,OCNT-2312870,2885,train
1930,OCNT-2312873,2884,train
1931,OCNT-2312874,2883,train
1932,OCNT-2312880,2882,test
1933,OCNT-2312882,2881,train
1934,OCNT-2312890,2880,validation
1935,OCNT-2312891,2879,train
1936,OCNT-2312892,2878,test
1937,OCNT-2312894,2877,train
1938,OCNT-2312897,2876,train
1939,OCNT-2312900,2875,train
1940,OCNT-2312903,2874,test
1941,OCNT-2312906,2873,train
1942,OCNT-2312913,2872,train
1943,OCNT-2312915,2871,train
1944,OCNT-2312918,2870,test
1945,OCNT-2312921,2869,train
1946,OCNT-2312924,2868,test
1947,OCNT-2312925,2867,train
1948,OCNT-2312929,2866,validation
1949,OCNT-2312931,2865,test
1950,OCNT-2312932,2864,train
1951,OCNT-2312937,2863,train
1952,OCNT-2312941,2862,train
1953,OCNT-2312943,2861,train
1954,OCNT-2312947,2860,train
1955,OCNT-2312951,2859,train
1956,OCNT-2312952,2858,train
1957,OCNT-2312955,2857,train
1958,OCNT-2312958,2856,train
1959,OCNT-2312959,2855,test
1960,OCNT-2312961,2854,validation
1961,OCNT-2312967,2853,validation
1962,OCNT-2312969,2852,train
1963,OCNT-2312971,2851,train
1964,OCNT-2312973,2850,train
1965,OCNT-2312974,2849,validation
1966,OCNT-2312975,2848,train
1967,OCNT-2312980,2847,train
1968,OCNT-2312985,2846,test
1969,OCNT-2312986,2845,train
1970,OCNT-2312987,2844,train
1971,OCNT-2312988,2843,validation
1972,OCNT-2312992,2842,train
1973,OCNT-2312994,2841,train
1974,OCNT-2312995,2840,train
1975,OCNT-2312996,2839,train
1976,OCNT-2312998,2838,train
1977,OCNT-2313003,2837,train
1978,OCNT-2313008,2836,test
1979,OCNT-2313012,2835,train
1980,OCNT-2313013,2834,validation
1981,OCNT-2313014,2833,validation
1982,OCNT-2313018,2832,test
1983,OCNT-2313019,2831,train
1984,OCNT-2313020,2830,train
1985,OCNT-2313023,2829,test
1986,OCNT-2313024,2828,validation
1987,OCNT-2313026,2827,train
1988,OCNT-2313031,2826,test
1989,OCNT-2313032,2825,train
1990,OCNT-2313035,2824,train
1991,OCNT-2313037,2823,validation
1992,OCNT-2313039,2822,validation
1993,OCNT-2313040,2821,train
1994,OCNT-2313041,2820,test
1995,OCNT-2313046,2819,train
1996,OCNT-2313047,2818,validation
1997,OCNT-2313052,2817,train
1998,OCNT-2313053,2816,validation
1999,OCNT-2313054,2815,train
2000,OCNT-2313058,2814,train
2001,OCNT-2313060,2813,train
2002,OCNT-2313062,2812,train
2003,OCNT-2313065,2811,train
2004,OCNT-2313067,2810,train
2005,OCNT-2313078,2809,validation
2006,OCNT-2313080,2808,test
2007,OCNT-2313085,2807,train
2008,OCNT-2313087,2806,train
2009,OCNT-2313088,2805,train
2010,OCNT-2313093,2804,test
2011,OCNT-2313094,2803,train
2012,OCNT-2313096,2802,test
2013,OCNT-2313097,2801,validation
2014,OCNT-2313098,2800,train
2015,OCNT-2313099,2799,validation
2016,OCNT-2313100,2798,train
2017,OCNT-2313101,2797,train
2018,OCNT-2313103,2796,train
2019,OCNT-2313104,2795,train
2020,OCNT-2313105,2794,train
2021,OCNT-2313106,2793,train
2022,OCNT-2313107,2792,train
2023,OCNT-2313108,2791,train
2024,OCNT-2313109,2790,train
2025,OCNT-2313111,2789,train
2026,OCNT-2313113,2788,train
2027,OCNT-2313115,2787,train
2028,OCNT-2313117,2786,test
2029,OCNT-2313118,2785,validation
2030,OCNT-2313119,2784,train
2031,OCNT-2313120,2783,train
2032,OCNT-2313121,2782,train
2033,OCNT-2313122,2781,train
2034,OCNT-2313124,2780,test
2035,OCNT-2313128,2779,train
2036,OCNT-2313133,2778,train
2037,OCNT-2313134,2777,train
2038,OCNT-2313136,2776,train
2039,OCNT-2313141,2775,train
2040,OCNT-2313143,2774,validation
2041,OCNT-2313144,2773,validation
2042,OCNT-2313145,2772,test
2043,OCNT-2313147,2771,train
2044,OCNT-2313151,2770,test
2045,OCNT-2313155,2769,train
2046,OCNT-2313157,2768,train
2047,OCNT-2313159,2767,train
2048,OCNT-2313161,2766,validation
2049,OCNT-2313164,2765,test
2050,OCNT-2313165,2764,train
2051,OCNT-2313173,2763,train
2052,OCNT-2313174,2762,train
2053,OCNT-2313175,2761,train
2054,OCNT-2313177,2760,train
2055,OCNT-2313179,2759,train
2056,OCNT-2313183,2758,train
2057,OCNT-2313184,2757,train
2058,OCNT-2313185,2756,train
2059,OCNT-2313188,2755,train
2060,OCNT-2313192,2754,validation
2061,OCNT-2313193,2753,validation
2062,OCNT-2313195,2752,train
2063,OCNT-2313198,2751,train
2064,OCNT-2313201,2750,test
2065,OCNT-2313203,2749,train
2066,OCNT-2313206,2748,train
2067,OCNT-2313211,2747,train
2068,OCNT-2313213,2746,train
2069,OCNT-2313215,2745,train
2070,OCNT-2313216,2744,test
2071,OCNT-2313217,2743,validation
2072,OCNT-2313219,2742,train
2073,OCNT-2313220,2741,train
2074,OCNT-2313221,2740,train
2075,OCNT-2313224,2739,train
2076,OCNT-2313225,2738,train
2077,OCNT-2313233,2737,train
2078,OCNT-2313234,2736,test
2079,OCNT-2313237,2735,train
2080,OCNT-2313238,2734,train
2081,OCNT-2313239,2733,train
2082,OCNT-2313241,2732,train
2083,OCNT-2313243,2731,test
2084,OCNT-2313248,2730,train
2085,OCNT-2313250,2729,train
2086,OCNT-2313251,2728,train
2087,OCNT-2313254,2727,train
2088,OCNT-2313255,2726,train
2089,OCNT-2313258,2725,train
2090,OCNT-2313260,2724,validation
2091,OCNT-2313267,2723,test
2092,OCNT-2313271,2722,validation
2093,OCNT-2313273,2721,test
2094,OCNT-2313274,2720,train
2095,OCNT-2313277,2719,train
2096,OCNT-2313278,2718,train
2097,OCNT-2313279,2717,train
2098,OCNT-2313281,2716,train
2099,OCNT-2313287,2715,train
2100,OCNT-2313293,2714,train
2101,OCNT-2313294,2713,train
2102,OCNT-2313297,2712,validation
2103,OCNT-2313299,2711,train
2104,OCNT-2313300,2710,train
2105,OCNT-2313305,2709,train
2106,OCNT-2313307,2708,train
2107,OCNT-2313314,2707,train
2108,OCNT-2313318,2706,train
2109,OCNT-2313319,2705,train
2110,OCNT-2313325,2704,train
2111,OCNT-2313326,2703,train
2112,OCNT-2313335,2702,train
2113,OCNT-2313345,2701,train
2114,OCNT-2313360,2700,test
2115,OCNT-2313361,2699,validation
2116,OCNT-2313362,2698,train
2117,OCNT-2313363,2697,train
2118,OCNT-2313365,2696,train
2119,OCNT-2313366,2695,train
2120,OCNT-2313367,2694,train
2121,OCNT-2313368,2693,train
2122,OCNT-2313371,2692,validation
2123,OCNT-2313373,2691,validation
2124,OCNT-2313374,2690,validation
2125,OCNT-2313377,2689,test
2126,OCNT-2313383,2688,train
2127,OCNT-2313386,2687,train
2128,OCNT-2313388,2686,test
2129,OCNT-2313389,2685,train
2130,OCNT-2313392,2684,train
2131,OCNT-2313393,2683,train
2132,OCNT-2313394,2682,test
2133,OCNT-2313399,2681,train
2134,OCNT-2313400,2680,train
2135,OCNT-2313401,2679,train
2136,OCNT-2313402,2678,train
2137,OCNT-2313403,2677,test
2138,OCNT-2313421,2676,train
2139,OCNT-2313423,2675,validation
2140,OCNT-2313424,2674,train
2141,OCNT-2313427,2673,validation
2142,OCNT-2313429,2672,validation
2143,OCNT-2313432,2671,train
2144,OCNT-2313433,2670,train
2145,OCNT-2313435,2669,train
2146,OCNT-2313438,2668,test
2147,OCNT-2313441,2667,train
2148,OCNT-2313447,2666,train
2149,OCNT-2313448,2665,train
2150,OCNT-2313450,2664,train
2151,OCNT-2313451,2663,train
2152,OCNT-2313459,2662,train
2153,OCNT-2313460,2661,train
2154,OCNT-2313461,2660,train
2155,OCNT-2313465,2659,test
2156,OCNT-2313469,2658,train
2157,OCNT-2313470,2657,train
2158,OCNT-2313472,2656,train
2159,OCNT-2313474,2655,train
2160,OCNT-2313475,2654,test
2161,OCNT-2313477,2653,train
2162,OCNT-2313486,2652,train
2163,OCNT-2313489,2651,train
2164,OCNT-2313504,2650,train
2165,OCNT-2313506,2649,validation
2166,OCNT-2313507,2648,train
2167,OCNT-2313509,2647,train
2168,OCNT-2313512,2646,train
2169,OCNT-2313514,2645,train
2170,OCNT-2313515,2644,train
2171,OCNT-2313520,2643,train
2172,OCNT-2313521,2642,test
2173,OCNT-2313522,2641,train
2174,OCNT-2313526,2640,train
2175,OCNT-2313527,2639,train
2176,OCNT-2313529,2638,train
2177,OCNT-2313532,2637,train
2178,OCNT-2313533,2636,train
2179,OCNT-2313535,2635,train
2180,OCNT-2313537,2634,train
2181,OCNT-2313538,2633,train
2182,OCNT-2313539,2632,train
2183,OCNT-2313543,2631,train
2184,OCNT-2313551,2630,test
2185,OCNT-2313553,2629,train
2186,OCNT-2313554,2628,train
2187,OCNT-2313558,2627,validation
2188,OCNT-2313560,2626,train
2189,OCNT-2313564,2625,train
2190,OCNT-2313565,2624,train
2191,OCNT-2313567,2623,validation
2192,OCNT-2313571,2622,train
2193,OCNT-2313573,2621,train
2194,OCNT-2313574,2620,train
2195,OCNT-2313581,2619,train
2196,OCNT-2313586,2618,test
2197,OCNT-2313594,2617,train
2198,OCNT-2313596,2616,train
2199,OCNT-2313597,2615,train
2200,OCNT-2313602,2614,train
2201,OCNT-2313603,2613,train
2202,OCNT-2313609,2612,validation
2203,OCNT-2313612,2611,train
2204,OCNT-2313616,2610,train
2205,OCNT-2313618,2609,train
2206,OCNT-2313620,2608,train
2207,OCNT-2313623,2607,train
2208,OCNT-2313624,2606,test
2209,OCNT-2313625,2605,validation
2210,OCNT-2313630,2604,train
2211,OCNT-2313632,2603,train
2212,OCNT-2313636,2602,validation
2213,OCNT-2313637,2601,test
2214,OCNT-2313638,2600,test
2215,OCNT-2313639,2599,train
2216,OCNT-2313641,2598,train
2217,OCNT-2313642,2597,validation
2218,OCNT-2313643,2596,train
2219,OCNT-2313644,2595,test
2220,OCNT-2313645,2594,train
2221,OCNT-2313647,2593,train
2222,OCNT-2313652,2592,train
2223,OCNT-2313654,2591,train
2224,OCNT-2313657,2590,test
2225,OCNT-2313664,2589,validation
2226,OCNT-2313666,2588,test
2227,OCNT-2313667,2587,validation
2228,OCNT-2313669,2586,test
2229,OCNT-2313671,2585,train
2230,OCNT-2313672,2584,train
2231,OCNT-2313673,2583,validation
2232,OCNT-2313675,2582,train
2233,OCNT-2313679,2581,train
2234,OCNT-2313682,2580,train
2235,OCNT-2313683,2579,validation
2236,OCNT-2313684,2578,train
2237,OCNT-2313685,2577,test
2238,OCNT-2313689,2576,train
2239,OCNT-2313693,2575,train
2240,OCNT-2313694,2574,validation
2241,OCNT-2313696,2573,train
2242,OCNT-2313698,2572,test
2243,OCNT-2313707,2571,train
2244,OCNT-2313708,2570,train
2245,OCNT-2313710,2569,train
2246,OCNT-2313719,2568,train
2247,OCNT-2313720,2567,validation
2248,OCNT-2313721,2566,test
2249,OCNT-2313726,2565,train
2250,OCNT-2313732,2564,train
2251,OCNT-2313736,2563,train
2252,OCNT-2313737,2562,train
2253,OCNT-2313740,2561,train
2254,OCNT-2313742,2560,test
2255,OCNT-2313747,2559,validation
2256,OCNT-2313748,2558,test
2257,OCNT-2313749,2557,train
2258,OCNT-2313756,2556,train
2259,OCNT-2313758,2555,train
2260,OCNT-2313761,2554,train
2261,OCNT-2313765,2553,train
2262,OCNT-2313767,2552,train
2263,OCNT-2313769,2551,test
2264,OCNT-2313771,2550,train
2265,OCNT-2313778,2549,train
2266,OCNT-2313781,2548,validation
2267,OCNT-2313785,2547,train
2268,OCNT-2313789,2546,train
2269,OCNT-2313792,2545,train
2270,OCNT-2313798,2544,train
2271,OCNT-2313799,2543,train
2272,OCNT-2313802,2542,test
2273,OCNT-2313803,2541,train
2274,OCNT-2313804,2540,validation
2275,OCNT-2313807,2539,train
2276,OCNT-2313808,2538,train
2277,OCNT-2313811,2537,train
2278,OCNT-2313815,2536,train
2279,OCNT-2313821,2535,train
2280,OCNT-2313822,2534,train
2281,OCNT-2313825,2533,train
2282,OCNT-2313826,2532,train
2283,OCNT-2313829,2531,validation
2284,OCNT-2313830,2530,train
2285,OCNT-2313831,2529,test
2286,OCNT-2313832,2528,train
2287,OCNT-2313833,2527,train
2288,OCNT-2313839,2526,train
2289,OCNT-2313842,2525,train
2290,OCNT-2313845,2524,train
2291,OCNT-2313846,2523,test
2292,OCNT-2313851,2522,train
2293,OCNT-2313852,2521,train
2294,OCNT-2313858,2520,train
2295,OCNT-2313859,2519,train
2296,OCNT-2313861,2518,validation
2297,OCNT-2313863,2517,train
2298,OCNT-2313865,2516,train
2299,OCNT-2313867,2515,train
2300,OCNT-2313869,2514,validation
2301,OCNT-2313871,2513,train
2302,OCNT-2313872,2512,train
2303,OCNT-2313874,2511,train
2304,OCNT-2313875,2510,validation
2305,OCNT-2313876,2509,train
2306,OCNT-2313880,2508,validation
2307,OCNT-2313881,2507,train
2308,OCNT-2313886,2506,train
2309,OCNT-2313887,2505,train
2310,OCNT-2313888,2504,train
2311,OCNT-2313891,2503,train
2312,OCNT-2313894,2502,validation
2313,OCNT-2313895,2501,train
2314,OCNT-2313897,2500,validation
2315,OCNT-2313901,2499,train
2316,OCNT-2313906,2498,train
2317,OCNT-2313909,2497,train
2318,OCNT-2313910,2496,validation
2319,OCNT-2313912,2495,train
2320,OCNT-2313913,2494,validation
2321,OCNT-2313919,2493,train
2322,OCNT-2313921,2492,test
2323,OCNT-2313923,2491,train
2324,OCNT-2313925,2490,train
2325,OCNT-2313933,2489,train
2326,OCNT-2313935,2488,train
2327,OCNT-2313936,2487,train
2328,OCNT-2313939,2486,validation
2329,OCNT-2313944,2485,train
2330,OCNT-2313948,2484,train
2331,OCNT-2313949,2483,train
2332,OCNT-2313953,2482,train
2333,OCNT-2313954,2481,train
2334,OCNT-2313956,2480,train
2335,OCNT-2313963,2479,train
2336,OCNT-2313965,2478,train
2337,OCNT-2313970,2477,train
2338,OCNT-2313972,2476,train
2339,OCNT-2313981,2475,train
2340,OCNT-2313982,2474,train
2341,OCNT-2313983,2473,train
2342,OCNT-2313984,2472,train
2343,OCNT-2313985,2471,validation
2344,OCNT-2313987,2470,train
2345,OCNT-2313989,2469,test
2346,OCNT-2313992,2468,train
2347,OCNT-2313994,2467,train
2348,OCNT-2313995,2466,train
2349,OCNT-2313996,2465,train
2350,OCNT-2313997,2464,validation
2351,OCNT-2313999,2463,train
2352,OCNT-2314002,2462,train
2353,OCNT-2314003,2461,train
2354,OCNT-2314004,2460,validation
2355,OCNT-2314006,2459,train
2356,OCNT-2314010,2458,test
2357,OCNT-2314011,2457,train
2358,OCNT-2314012,2456,train
2359,OCNT-2314014,2455,train
2360,OCNT-2314015,2454,train
2361,OCNT-2314017,2453,train
2362,OCNT-2314020,2452,train
2363,OCNT-2314023,2451,train
2364,OCNT-2314024,2450,train
2365,OCNT-2314025,2449,test
2366,OCNT-2314028,2448,train
2367,OCNT-2314029,2447,train
2368,OCNT-2314032,2446,test
2369,OCNT-2314033,2445,train
2370,OCNT-2314036,2444,train
2371,OCNT-2314037,2443,train
2372,OCNT-2314041,2442,train
2373,OCNT-2314042,2441,train
2374,OCNT-2314044,2440,train
2375,OCNT-2314045,2439,validation
2376,OCNT-2314046,2438,train
2377,OCNT-2314050,2437,train
2378,OCNT-2314054,2436,train
2379,OCNT-2314061,2435,validation
2380,OCNT-2314062,2434,train
2381,OCNT-2314063,2433,train
2382,OCNT-2314064,2432,train
2383,OCNT-2314065,2431,train
2384,OCNT-2314067,2430,train
2385,OCNT-2314068,2429,test
2386,OCNT-2314069,2428,train
2387,OCNT-2314070,2427,train
2388,OCNT-2314073,2426,train
2389,OCNT-2314074,2425,train
2390,OCNT-2314076,2424,train
2391,OCNT-2314079,2423,train
2392,OCNT-2314083,2422,validation
2393,OCNT-2314086,2421,train
2394,OCNT-2314087,2420,train
2395,OCNT-2314096,2419,train
2396,OCNT-2314101,2418,train
2397,OCNT-2314103,2417,train
2398,OCNT-2314112,2416,train
2399,OCNT-2314113,2415,train
2400,OCNT-2314117,2414,train
2401,OCNT-2314118,2413,train
2402,OCNT-2314120,2412,train
2403,OCNT-2314122,2411,validation
2404,OCNT-2314127,2410,test
2405,OCNT-2314135,2409,train
2406,OCNT-2314136,2408,train
2407,OCNT-2314137,2407,train
2408,OCNT-2314140,2406,test
2409,OCNT-2314141,2405,train
2410,OCNT-2314143,2404,test
2411,OCNT-2314144,2403,train
2412,OCNT-2314145,2402,train
2413,OCNT-2314146,2401,train
2414,OCNT-2314148,2400,train
2415,OCNT-2314150,2399,train
2416,OCNT-2314151,2398,train
2417,OCNT-2314157,2397,train
2418,OCNT-2314158,2396,train
2419,OCNT-2314160,2395,train
2420,OCNT-2314168,2394,train
2421,OCNT-2314169,2393,test
2422,OCNT-2314172,2392,train
2423,OCNT-2314176,2391,train
2424,OCNT-2314178,2390,train
2425,OCNT-2314180,2389,train
2426,OCNT-2314182,2388,train
2427,OCNT-2314187,2387,train
2428,OCNT-2314190,2386,train
2429,OCNT-2314193,2385,train
2430,OCNT-2314197,2384,validation
2431,OCNT-2314198,2383,train
2432,OCNT-2314199,2382,validation
2433,OCNT-2314201,2381,train
2434,OCNT-2314202,2380,train
2435,OCNT-2314207,2379,train
2436,OCNT-2314208,2378,train
2437,OCNT-2314210,2377,train
2438,OCNT-2314212,2376,train
2439,OCNT-2314213,2375,train
2440,OCNT-2314215,2374,train
2441,OCNT-2314217,2373,validation
2442,OCNT-2314219,2372,train
2443,OCNT-2314221,2371,validation
2444,OCNT-2314222,2370,validation
2445,OCNT-2314223,2369,train
2446,OCNT-2314226,2368,train
2447,OCNT-2314233,2367,train
2448,OCNT-2314234,2366,train
2449,OCNT-2314235,2365,train
2450,OCNT-2314237,2364,validation
2451,OCNT-2314242,2363,train
2452,OCNT-2314243,2362,validation
2453,OCNT-2314247,2361,train
2454,OCNT-2314248,2360,train
2455,OCNT-2314251,2359,train
2456,OCNT-2314254,2358,train
2457,OCNT-2314255,2357,train
2458,OCNT-2314257,2356,train
2459,OCNT-2314259,2355,train
2460,OCNT-2314261,2354,train
2461,OCNT-2314262,2353,train
2462,OCNT-2314263,2352,train
2463,OCNT-2314266,2351,train
2464,OCNT-2314267,2350,train
2465,OCNT-2314269,2349,train
2466,OCNT-2314271,2348,validation
2467,OCNT-2314273,2347,validation
2468,OCNT-2314275,2346,validation
2469,OCNT-2314277,2345,train
2470,OCNT-2314279,2344,train
2471,OCNT-2314283,2343,train
2472,OCNT-2314290,2342,train
2473,OCNT-2314295,2341,train
2474,OCNT-2314296,2340,train
2475,OCNT-2314300,2339,train
2476,OCNT-2314301,2338,train
2477,OCNT-2314305,2337,train
2478,OCNT-2314306,2336,train
2479,OCNT-2314307,2335,train
2480,OCNT-2314310,2334,train
2481,OCNT-2314311,2333,test
2482,OCNT-2314318,2332,test
2483,OCNT-2314321,2331,train
2484,OCNT-2314322,2330,validation
2485,OCNT-2314323,2329,train
2486,OCNT-2314324,2328,train
2487,OCNT-2314326,2327,validation
2488,OCNT-2314327,2326,validation
2489,OCNT-2314328,2325,train
2490,OCNT-2314329,2324,test
2491,OCNT-2314335,2323,train
2492,OCNT-2314336,2322,train
2493,OCNT-2314337,2321,train
2494,OCNT-2314338,2320,train
2495,OCNT-2314341,2319,train
2496,OCNT-2314342,2318,train
2497,OCNT-2314349,2317,train
2498,OCNT-2314353,2316,train
2499,OCNT-2314354,2315,train
2500,OCNT-2314356,2314,validation
2501,OCNT-2314357,2313,train
2502,OCNT-2314360,2312,train
2503,OCNT-2314363,2311,train
2504,OCNT-2314369,2310,validation
2505,OCNT-2314371,2309,train
2506,OCNT-2314373,2308,test
2507,OCNT-2314375,2307,train
2508,OCNT-2314377,2306,validation
2509,OCNT-2314380,2305,train
2510,OCNT-2314381,2304,train
2511,OCNT-2314385,2303,test
2512,OCNT-2314387,2302,train
2513,OCNT-2314390,2301,validation
2514,OCNT-2314395,2300,test
2515,OCNT-2314397,2299,validation
2516,OCNT-2314399,2298,train
2517,OCNT-2314402,2297,train
2518,OCNT-2314403,2296,train
2519,OCNT-2314405,2295,train
2520,OCNT-2314407,2294,validation
2521,OCNT-2314408,2293,train
2522,OCNT-2314410,2292,validation
2523,OCNT-2314412,2291,train
2524,OCNT-2314416,2290,train
2525,OCNT-2314426,2289,train
2526,OCNT-2314427,2288,train
2527,OCNT-2314433,2287,validation
2528,OCNT-2314434,2286,test
2529,OCNT-2314436,2285,train
2530,OCNT-2314439,2284,train
2531,OCNT-2314445,2283,validation
2532,OCNT-2314446,2282,train
2533,OCNT-2314447,2281,validation
2534,OCNT-2314450,2280,test
2535,OCNT-2314452,2279,train
2536,OCNT-2314454,2278,train
2537,OCNT-2314457,2277,test
2538,OCNT-2314458,2276,train
2539,OCNT-2314459,2275,train
2540,OCNT-2314460,2274,train
2541,OCNT-2314461,2273,validation
2542,OCNT-2314462,2272,validation
2543,OCNT-2314465,2271,train
2544,OCNT-2314467,2270,validation
2545,OCNT-2314468,2269,train
2546,OCNT-2314473,2268,train
2547,OCNT-2314478,2267,train
2548,OCNT-2314480,2266,test
2549,OCNT-2314481,2265,test
2550,OCNT-2314482,2264,train
2551,OCNT-2314483,2263,train
2552,OCNT-2314484,2262,train
2553,OCNT-2314487,2261,train
2554,OCNT-2314488,2260,validation
2555,OCNT-2314492,2259,validation
2556,OCNT-2314494,2258,train
2557,OCNT-2314499,2257,train
2558,OCNT-2314500,2256,validation
2559,OCNT-2314502,2255,train
2560,OCNT-2314504,2254,train
2561,OCNT-2314508,2253,train
2562,OCNT-2314509,2252,train
2563,OCNT-2314511,2251,validation
2564,OCNT-2314515,2250,train
2565,OCNT-2314516,2249,train
2566,OCNT-2314523,2248,train
2567,OCNT-2314524,2247,train
2568,OCNT-2314526,2246,train
2569,OCNT-2314527,2245,test
2570,OCNT-2314528,2244,train
2571,OCNT-2314532,2243,train
2572,OCNT-2314534,2242,train
2573,OCNT-2314536,2241,train
2574,OCNT-2314537,2240,train
2575,OCNT-2314539,2239,validation
2576,OCNT-2314547,2238,train
2577,OCNT-2314548,2237,train
2578,OCNT-2314551,2236,train
2579,OCNT-2314553,2235,train
2580,OCNT-2314554,2234,train
2581,OCNT-2314559,2233,test
2582,OCNT-2314561,2232,train
2583,OCNT-2314567,2231,train
2584,OCNT-2314568,2230,validation
2585,OCNT-2314570,2229,train
2586,OCNT-2314574,2228,train
2587,OCNT-2314575,2227,train
2588,OCNT-2314582,2226,train
2589,OCNT-2314583,2225,train
2590,OCNT-2314584,2224,train
2591,OCNT-2314586,2223,test
2592,OCNT-2314588,2222,train
2593,OCNT-2314591,2221,validation
2594,OCNT-2314592,2220,train
2595,OCNT-2314594,2219,train
2596,OCNT-2314601,2218,train
2597,OCNT-2314602,2217,validation
2598,OCNT-2314603,2216,train
2599,OCNT-2314606,2215,train
2600,OCNT-2314607,2214,validation
2601,OCNT-2314608,2213,train
2602,OCNT-2314609,2212,train
2603,OCNT-2314610,2211,train
2604,OCNT-2314611,2210,train
2605,OCNT-2314613,2209,validation
2606,OCNT-2314615,2208,train
2607,OCNT-2314616,2207,train
2608,OCNT-2314617,2206,test
2609,OCNT-2314618,2205,validation
2610,OCNT-2314619,2204,train
2611,OCNT-2314621,2203,test
2612,OCNT-2314624,2202,train
2613,OCNT-2314625,2201,train
2614,OCNT-2314629,2200,train
2615,OCNT-2314630,2199,train
2616,OCNT-2314631,2198,train
2617,OCNT-2314632,2197,train
2618,OCNT-2314636,2196,train
2619,OCNT-2314637,2195,train
2620,OCNT-2314639,2194,train
2621,OCNT-2314641,2193,train
2622,OCNT-2314646,2192,train
2623,OCNT-2314649,2191,train
2624,OCNT-2314654,2190,train
2625,OCNT-2314657,2189,train
2626,OCNT-2314658,2188,test
2627,OCNT-2314662,2187,test
2628,OCNT-2314663,2186,train
2629,OCNT-2314665,2185,train
2630,OCNT-2314667,2184,train
2631,OCNT-2314673,2183,train
2632,OCNT-2314674,2182,train
2633,OCNT-2314682,2181,train
2634,OCNT-2314683,2180,validation
2635,OCNT-2314688,2179,test
2636,OCNT-2314691,2178,train
2637,OCNT-2314692,2177,validation
2638,OCNT-2314693,2176,train
2639,OCNT-2314694,2175,train
2640,OCNT-2314695,2174,validation
2641,OCNT-2314699,2173,train
2642,OCNT-2314705,2172,train
2643,OCNT-2314706,2171,train
2644,OCNT-2314708,2170,train
2645,OCNT-2314713,2169,train
2646,OCNT-2314714,2168,train
2647,OCNT-2314715,2167,train
2648,OCNT-2314717,2166,test
2649,OCNT-2314720,2165,validation
2650,OCNT-2314724,2164,validation
2651,OCNT-2314726,2163,test
2652,OCNT-2314739,2162,train
2653,OCNT-2314741,2161,test
2654,OCNT-2314744,2160,train
2655,OCNT-2314747,2159,train
2656,OCNT-2314750,2158,test
2657,OCNT-2314757,2157,test
2658,OCNT-2314759,2156,train
2659,OCNT-2314762,2155,test
2660,OCNT-2314763,2154,test
2661,OCNT-2314768,2153,validation
2662,OCNT-2314770,2152,train
2663,OCNT-2314771,2151,train
2664,OCNT-2314773,2150,test
2665,OCNT-2314774,2149,validation
2666,OCNT-2314777,2148,train
2667,OCNT-2314778,2147,train
2668,OCNT-2314781,2146,train
2669,OCNT-2314787,2145,train
2670,OCNT-2314790,2144,train
2671,OCNT-2314795,2143,validation
2672,OCNT-2314796,2142,train
2673,OCNT-2314799,2141,validation
2674,OCNT-2314800,2140,train
2675,OCNT-2314801,2139,test
2676,OCNT-2314802,2138,train
2677,OCNT-2314804,2137,validation
2678,OCNT-2314805,2136,test
2679,OCNT-2314807,2135,test
2680,OCNT-2314809,2134,train
2681,OCNT-2314812,2133,train
2682,OCNT-2314813,2132,train
2683,OCNT-2314816,2131,validation
2684,OCNT-2314818,2130,train
2685,OCNT-2314820,2129,train
2686,OCNT-2314824,2128,train
2687,OCNT-2314827,2127,train
2688,OCNT-2314831,2126,test
2689,OCNT-2314833,2125,train
2690,OCNT-2314844,2124,train
2691,OCNT-2314845,2123,train
2692,OCNT-2314853,2122,train
2693,OCNT-2314858,2121,train
2694,OCNT-2314859,2120,test
2695,OCNT-2314861,2119,train
2696,OCNT-2314864,2118,train
2697,OCNT-2314865,2117,test
2698,OCNT-2314866,2116,train
2699,OCNT-2314872,2115,test
2700,OCNT-2314875,2114,train
2701,OCNT-2314877,2113,train
2702,OCNT-2314879,2112,train
2703,OCNT-2314884,2111,train
2704,OCNT-2314885,2110,test
2705,OCNT-2314886,2109,train
2706,OCNT-2314895,2108,train
2707,OCNT-2314896,2107,train
2708,OCNT-2314897,2106,test
2709,OCNT-2314898,2105,test
2710,OCNT-2314899,2104,train
2711,OCNT-2314902,2103,train
2712,OCNT-2314903,2102,train
2713,OCNT-2314905,2101,train
2714,OCNT-2314906,2100,train
2715,OCNT-2314907,2099,test
2716,OCNT-2314910,2098,validation
2717,OCNT-2314919,2097,test
2718,OCNT-2314924,2096,test
2719,OCNT-2314927,2095,test
2720,OCNT-2314928,2094,train
2721,OCNT-2314929,2093,validation
2722,OCNT-2314930,2092,train
2723,OCNT-2314937,2091,train
2724,OCNT-2314941,2090,train
2725,OCNT-2314946,2089,test
2726,OCNT-2314947,2088,train
2727,OCNT-2314951,2087,test
2728,OCNT-2314960,2086,train
2729,OCNT-2314961,2085,train
2730,OCNT-2314962,2084,train
2731,OCNT-2314966,2083,train
2732,OCNT-2314968,2082,train
2733,OCNT-2314969,2081,train
2734,OCNT-2314972,2080,train
2735,OCNT-2314976,2079,train
2736,OCNT-2314977,2078,train
2737,OCNT-2314985,2077,test
2738,OCNT-2314988,2076,train
2739,OCNT-2314989,2075,train
2740,OCNT-2314990,2074,train
2741,OCNT-2314992,2073,train
2742,OCNT-2314993,2072,train
2743,OCNT-2314994,2071,test
2744,OCNT-2314995,2070,validation
2745,OCNT-2314998,2069,train
2746,OCNT-2315001,2068,train
2747,OCNT-2315005,2067,train
2748,OCNT-2315007,2066,test
2749,OCNT-2315008,2065,train
2750,OCNT-2315009,2064,train
2751,OCNT-2315016,2063,train
2752,OCNT-2315017,2062,train
2753,OCNT-2315024,2061,train
2754,OCNT-2315030,2060,train
2755,OCNT-2315032,2059,train
2756,OCNT-2315034,2058,train
2757,OCNT-2315035,2057,train
2758,OCNT-2315036,2056,train
2759,OCNT-2315039,2055,test
2760,OCNT-2315042,2054,train
2761,OCNT-2315044,2053,train
2762,OCNT-2315045,2052,train
2763,OCNT-2315047,2051,validation
2764,OCNT-2315048,2050,train
2765,OCNT-2315050,2049,train
2766,OCNT-2315052,2048,train
2767,OCNT-2315056,2047,train
2768,OCNT-2315060,2046,train
2769,OCNT-2315064,2045,train
2770,OCNT-2315065,2044,test
2771,OCNT-2315071,2043,test
2772,OCNT-2315072,2042,train
2773,OCNT-2315074,2041,train
2774,OCNT-2315078,2040,train
2775,OCNT-2315079,2039,test
2776,OCNT-2315082,2038,train
2777,OCNT-2315085,2037,train
2778,OCNT-2315086,2036,validation
2779,OCNT-2315087,2035,train
2780,OCNT-2315089,2034,train
2781,OCNT-2315091,2033,train
2782,OCNT-2315092,2032,train
2783,OCNT-2315093,2031,validation
2784,OCNT-2315097,2030,test
2785,OCNT-2315099,2029,train
2786,OCNT-2315100,2028,train
2787,OCNT-2315103,2027,train
2788,OCNT-2315105,2026,train
2789,OCNT-2315106,2025,train
2790,OCNT-2315109,2024,train
2791,OCNT-2315110,2023,train
2792,OCNT-2315112,2022,validation
2793,OCNT-2315113,2021,train
2794,OCNT-2315114,2020,train
2795,OCNT-2315115,2019,validation
2796,OCNT-2315120,2018,test
2797,OCNT-2315121,2017,train
2798,OCNT-2315122,2016,train
2799,OCNT-2315124,2015,train
2800,OCNT-2315125,2014,train
2801,OCNT-2315126,2013,train
2802,OCNT-2315127,2012,train
2803,OCNT-2315130,2011,train
2804,OCNT-2315131,2010,train
2805,OCNT-2315133,2009,train
2806,OCNT-2315138,2008,train
2807,OCNT-2315139,2007,test
2808,OCNT-2315145,2006,train
2809,OCNT-2315146,2005,train
2810,OCNT-2315147,2004,train
2811,OCNT-2315148,2003,train
2812,OCNT-2315149,2002,train
2813,OCNT-2315150,2001,train
2814,OCNT-2315152,2000,validation
2815,OCNT-2315153,1999,train
2816,OCNT-2315155,1998,train
2817,OCNT-2315156,1997,train
2818,OCNT-2315157,1996,validation
2819,OCNT-2315159,1995,train
2820,OCNT-2315165,1994,train
2821,OCNT-2315166,1993,train
2822,OCNT-2315172,1992,validation
2823,OCNT-2315174,1991,test
2824,OCNT-2315175,1990,train
2825,OCNT-2315178,1989,train
2826,OCNT-2315179,1988,test
2827,OCNT-2315183,1987,validation
2828,OCNT-2315185,1986,train
2829,OCNT-2315186,1985,train
2830,OCNT-2315191,1984,train
2831,OCNT-2315193,1983,validation
2832,OCNT-2315194,1982,train
2833,OCNT-2315195,1981,train
2834,OCNT-2315200,1980,test
2835,OCNT-2315201,1979,train
2836,OCNT-2315202,1978,train
2837,OCNT-2315204,1977,train
2838,OCNT-2315211,1976,train
2839,OCNT-2315212,1975,test
2840,OCNT-2315213,1974,train
2841,OCNT-2315214,1973,train
2842,OCNT-2315215,1972,train
2843,OCNT-2315217,1971,validation
2844,OCNT-2315218,1970,train
2845,OCNT-2315219,1969,validation
2846,OCNT-2315226,1968,validation
2847,OCNT-2315230,1967,train
2848,OCNT-2315232,1966,test
2849,OCNT-2315233,1965,train
2850,OCNT-2315236,1964,train
2851,OCNT-2315237,1963,train
2852,OCNT-2315241,1962,train
2853,OCNT-2315245,1961,train
2854,OCNT-2315246,1960,train
2855,OCNT-2315250,1959,train
2856,OCNT-2315252,1958,validation
2857,OCNT-2315257,1957,train
2858,OCNT-2315259,1956,train
2859,OCNT-2315261,1955,test
2860,OCNT-2315263,1954,train
2861,OCNT-2315265,1953,validation
2862,OCNT-2315270,1952,train
2863,OCNT-2315271,1951,train
2864,OCNT-2315273,1950,train
2865,OCNT-2315275,1949,train
2866,OCNT-2315276,1948,train
2867,OCNT-2315277,1947,validation
2868,OCNT-2315280,1946,test
2869,OCNT-2315282,1945,train
2870,OCNT-2315284,1944,train
2871,OCNT-2315285,1943,train
2872,OCNT-2315288,1942,validation
2873,OCNT-2315291,1941,train
2874,OCNT-2315293,1940,train
2875,OCNT-2315294,1939,train
2876,OCNT-2315296,1938,train
2877,OCNT-2315297,1937,train
2878,OCNT-2315300,1936,train
2879,OCNT-2315308,1935,train
2880,OCNT-2315311,1934,train
2881,OCNT-2315315,1933,train
2882,OCNT-2315318,1932,train
2883,OCNT-2315321,1931,train
2884,OCNT-2315322,1930,train
2885,OCNT-2315324,1929,train
2886,OCNT-2315325,1928,train
2887,OCNT-2315326,1927,train
2888,OCNT-2315327,1926,train
2889,OCNT-2315329,1925,train
2890,OCNT-2315331,1924,test
2891,OCNT-2315332,1923,test
2892,OCNT-2315333,1922,test
2893,OCNT-2315338,1921,validation
2894,OCNT-2315340,1920,validation
2895,OCNT-2315342,1919,train
2896,OCNT-2315347,1918,train
2897,OCNT-2315349,1917,validation
2898,OCNT-2315351,1916,train
2899,OCNT-2315357,1915,validation
2900,OCNT-2315363,1914,train
2901,OCNT-2315365,1913,train
2902,OCNT-2315366,1912,test
2903,OCNT-2315367,1911,train
2904,OCNT-2315368,1910,test
2905,OCNT-2315370,1909,train
2906,OCNT-2315371,1908,train
2907,OCNT-2315375,1907,train
2908,OCNT-2315379,1906,train
2909,OCNT-2315381,1905,train
2910,OCNT-2315382,1904,train
2911,OCNT-2315386,1903,train
2912,OCNT-2315387,1902,train
2913,OCNT-2315389,1901,train
2914,OCNT-2315390,1900,train
2915,OCNT-2315392,1899,train
2916,OCNT-2315394,1898,train
2917,OCNT-2315395,1897,train
2918,OCNT-2315398,1896,test
2919,OCNT-2315401,1895,train
2920,OCNT-2315408,1894,test
2921,OCNT-2315409,1893,train
2922,OCNT-2315412,1892,validation
2923,OCNT-2315413,1891,validation
2924,OCNT-2315416,1890,train
2925,OCNT-2315417,1889,validation
2926,OCNT-2315425,1888,train
2927,OCNT-2315433,1887,test
2928,OCNT-2315443,1886,validation
2929,OCNT-2315444,1885,validation
2930,OCNT-2315445,1884,validation
2931,OCNT-2315447,1883,train
2932,OCNT-2315448,1882,train
2933,OCNT-2315450,1881,train
2934,OCNT-2315451,1880,train
2935,OCNT-2315454,1879,train
2936,OCNT-2315456,1878,test
2937,OCNT-2315457,1877,train
2938,OCNT-2315458,1876,train
2939,OCNT-2315460,1875,test
2940,OCNT-2315461,1874,train
2941,OCNT-2315462,1873,train
2942,OCNT-2315466,1872,train
2943,OCNT-2315467,1871,train
2944,OCNT-2315468,1870,train
2945,OCNT-2315469,1869,train
2946,OCNT-2315472,1868,train
2947,OCNT-2315473,1867,train
2948,OCNT-2315476,1866,train
2949,OCNT-2315478,1865,train
2950,OCNT-2315479,1864,train
2951,OCNT-2315480,1863,train
2952,OCNT-2315482,1862,test
2953,OCNT-2315483,1861,train
2954,OCNT-2315485,1860,train
2955,OCNT-2315488,1859,validation
2956,OCNT-2315490,1858,train
2957,OCNT-2315493,1857,train
2958,OCNT-2315495,1856,train
2959,OCNT-2315498,1855,train
2960,OCNT-2315502,1854,train
2961,OCNT-2315503,1853,train
2962,OCNT-2315505,1852,train
2963,OCNT-2315507,1851,train
2964,OCNT-2315508,1850,test
2965,OCNT-2315509,1849,train
2966,OCNT-2315512,1848,train
2967,OCNT-2315513,1847,train
2968,OCNT-2315514,1846,train
2969,OCNT-2315517,1845,train
2970,OCNT-2315518,1844,train
2971,OCNT-2315525,1843,train
2972,OCNT-2315528,1842,train
2973,OCNT-2315531,1841,validation
2974,OCNT-2315532,1840,train
2975,OCNT-2315535,1839,train
2976,OCNT-2315537,1838,train
2977,OCNT-2315538,1837,train
2978,OCNT-2315539,1836,validation
2979,OCNT-2315542,1835,train
2980,OCNT-2315543,1834,train
2981,OCNT-2315545,1833,train
2982,OCNT-2315546,1832,train
2983,OCNT-2315548,1831,train
2984,OCNT-2315550,1830,train
2985,OCNT-2315551,1829,validation
2986,OCNT-2315554,1828,train
2987,OCNT-2315556,1827,validation
2988,OCNT-2315557,1826,train
2989,OCNT-2315560,1825,train
2990,OCNT-2315565,1824,train
2991,OCNT-2315567,1823,validation
2992,OCNT-2315568,1822,train
2993,OCNT-2315569,1821,train
2994,OCNT-2315571,1820,train
2995,OCNT-2315573,1819,train
2996,OCNT-2315575,1818,train
2997,OCNT-2315583,1817,test
2998,OCNT-2315584,1816,train
2999,OCNT-2315585,1815,train
3000,OCNT-2315589,1814,test
3001,OCNT-2315590,1813,validation
3002,OCNT-2315591,1812,validation
3003,OCNT-2315600,1811,train
3004,OCNT-2315602,1810,test
3005,OCNT-2315605,1809,train
3006,OCNT-2315609,1808,train
3007,OCNT-2315610,1807,validation
3008,OCNT-2315611,1806,train
3009,OCNT-2315612,1805,train
3010,OCNT-2315615,1804,train
3011,OCNT-2315616,1803,train
3012,OCNT-2315618,1802,train
3013,OCNT-2315621,1801,train
3014,OCNT-2315622,1800,validation
3015,OCNT-2315623,1799,train
3016,OCNT-2315627,1798,validation
3017,OCNT-2315629,1797,train
3018,OCNT-2315630,1796,train
3019,OCNT-2315632,1795,train
3020,OCNT-2315633,1794,train
3021,OCNT-2315636,1793,train
3022,OCNT-2315640,1792,train
3023,OCNT-2315645,1791,test
3024,OCNT-2315646,1790,train
3025,OCNT-2315652,1789,train
3026,OCNT-2315653,1788,train
3027,OCNT-2315654,1787,train
3028,OCNT-2315660,1786,validation
3029,OCNT-2315663,1785,validation
3030,OCNT-2315667,1784,train
3031,OCNT-2315670,1783,test
3032,OCNT-2315672,1782,train
3033,OCNT-2315679,1781,train
3034,OCNT-2315684,1780,test
3035,OCNT-2315688,1779,train
3036,OCNT-2315690,1778,train
3037,OCNT-2315694,1777,train
3038,OCNT-2315696,1776,train
3039,OCNT-2315698,1775,train
3040,OCNT-2315699,1774,train
3041,OCNT-2315700,1773,train
3042,OCNT-2315701,1772,train
3043,OCNT-2315702,1771,train
3044,OCNT-2315705,1770,train
3045,OCNT-2315711,1769,train
3046,OCNT-2315713,1768,test
3047,OCNT-2315716,1767,train
3048,OCNT-2315717,1766,train
3049,OCNT-2315719,1765,train
3050,OCNT-2315721,1764,train
3051,OCNT-2315725,1763,validation
3052,OCNT-2315727,1762,train
3053,OCNT-2315728,1761,test
3054,OCNT-2315731,1760,test
3055,OCNT-2315734,1759,train
3056,OCNT-2315738,1758,train
3057,OCNT-2315739,1757,train
3058,OCNT-2315740,1756,train
3059,OCNT-2315742,1755,train
3060,OCNT-2315746,1754,validation
3061,OCNT-2315747,1753,validation
3062,OCNT-2315748,1752,train
3063,OCNT-2315749,1751,train
3064,OCNT-2315752,1750,train
3065,OCNT-2315753,1749,train
3066,OCNT-2315756,1748,validation
3067,OCNT-2315757,1747,validation
3068,OCNT-2315758,1746,train
3069,OCNT-2315759,1745,validation
3070,OCNT-2315764,1744,train
3071,OCNT-2315765,1743,train
3072,OCNT-2315767,1742,train
3073,OCNT-2315770,1741,train
3074,OCNT-2315775,1740,train
3075,OCNT-2315776,1739,test
3076,OCNT-2315778,1738,validation
3077,OCNT-2315779,1737,train
3078,OCNT-2315780,1736,train
3079,OCNT-2315781,1735,validation
3080,OCNT-2315791,1734,train
3081,OCNT-2315799,1733,train
3082,OCNT-2315805,1732,validation
3083,OCNT-2315806,1731,test
3084,OCNT-2315808,1730,train
3085,OCNT-2315811,1729,validation
3086,OCNT-2315812,1728,train
3087,OCNT-2315813,1727,test
3088,OCNT-2315815,1726,train
3089,OCNT-2315816,1725,test
3090,OCNT-2315819,1724,train
3091,OCNT-2315820,1723,train
3092,OCNT-2315821,1722,train
3093,OCNT-2315823,1721,train
3094,OCNT-2315824,1720,train
3095,OCNT-2315826,1719,train
3096,OCNT-2315827,1718,train
3097,OCNT-2315832,1717,test
3098,OCNT-2315833,1716,train
3099,OCNT-2315836,1715,train
3100,OCNT-2315838,1714,validation
3101,OCNT-2315840,1713,validation
3102,OCNT-2315844,1712,train
3103,OCNT-2315845,1711,train
3104,OCNT-2315846,1710,train
3105,OCNT-2315849,1709,train
3106,OCNT-2315851,1708,validation
3107,OCNT-2315858,1707,train
3108,OCNT-2315859,1706,train
3109,OCNT-2315861,1705,validation
3110,OCNT-2315862,1704,train
3111,OCNT-2315864,1703,train
3112,OCNT-2315865,1702,validation
3113,OCNT-2315866,1701,train
3114,OCNT-2315870,1700,train
3115,OCNT-2315873,1699,validation
3116,OCNT-2315874,1698,train
3117,OCNT-2315875,1697,train
3118,OCNT-2315877,1696,train
3119,OCNT-2315878,1695,train
3120,OCNT-2315880,1694,test
3121,OCNT-2315885,1693,validation
3122,OCNT-2315886,1692,validation
3123,OCNT-2315887,1691,train
3124,OCNT-2315888,1690,train
3125,OCNT-2315891,1689,validation
3126,OCNT-2315893,1688,train
3127,OCNT-2315895,1687,train
3128,OCNT-2315900,1686,train
3129,OCNT-2315903,1685,test
3130,OCNT-2315906,1684,train
3131,OCNT-2315908,1683,train
3132,OCNT-2315910,1682,train
3133,OCNT-2315912,1681,train
3134,OCNT-2315913,1680,test
3135,OCNT-2315916,1679,train
3136,OCNT-2315930,1678,train
3137,OCNT-2315931,1677,train
3138,OCNT-2315934,1676,validation
3139,OCNT-2315937,1675,test
3140,OCNT-2315938,1674,test
3141,OCNT-2315944,1673,train
3142,OCNT-2315945,1672,train
3143,OCNT-2315946,1671,train
3144,OCNT-2315948,1670,train
3145,OCNT-2315950,4,test
3146,OCNT-2315953,1669,train
3147,OCNT-2315954,1668,train
3148,OCNT-2315959,1667,train
3149,OCNT-2315960,1666,train
3150,OCNT-2315965,1665,validation
3151,OCNT-2315966,1664,train
3152,OCNT-2315972,1663,train
3153,OCNT-2315973,1662,train
3154,OCNT-2315974,1661,train
3155,OCNT-2315975,1660,train
3156,OCNT-2315976,1659,train
3157,OCNT-2315978,1658,validation
3158,OCNT-2315980,1657,train
3159,OCNT-2315982,1656,test
3160,OCNT-2315984,1655,train
3161,OCNT-2315988,1654,train
3162,OCNT-2315990,1653,train
3163,OCNT-2315991,1652,validation
3164,OCNT-2315992,1651,train
3165,OCNT-2315994,1650,test
3166,OCNT-2315996,1649,train
3167,OCNT-2315997,1648,train
3168,OCNT-2315998,1647,train
3169,OCNT-2316001,1646,train
3170,OCNT-2316003,1645,train
3171,OCNT-2316009,1644,validation
3172,OCNT-2316012,1643,validation
3173,OCNT-2316017,1642,train
3174,OCNT-2316020,1641,validation
3175,OCNT-2316025,1640,train
3176,OCNT-2316031,1639,train
3177,OCNT-2316032,1638,train
3178,OCNT-2316035,1637,test
3179,OCNT-2316037,1636,train
3180,OCNT-2316040,1635,validation
3181,OCNT-2316044,1634,train
3182,OCNT-2316049,1633,test
3183,OCNT-2316068,1632,validation
3184,OCNT-2316070,1631,train
3185,OCNT-2316072,1630,validation
3186,OCNT-2316079,1629,train
3187,OCNT-2316081,1628,train
3188,OCNT-2316082,1627,test
3189,OCNT-2316083,1626,train
3190,OCNT-2316084,1625,train
3191,OCNT-2316089,1624,test
3192,OCNT-2316093,1623,train
3193,OCNT-2316095,1622,train
3194,OCNT-2316099,1621,train
3195,OCNT-2316100,1620,test
3196,OCNT-2316102,1619,test
3197,OCNT-2316103,1618,train
3198,OCNT-2316105,1617,train
3199,OCNT-2316109,1616,train
3200,OCNT-2316110,1615,train
3201,OCNT-2316112,1614,test
3202,OCNT-2316115,1613,train
3203,OCNT-2316117,1612,validation
3204,OCNT-2316119,1611,train
3205,OCNT-2316120,1610,train
3206,OCNT-2316121,1609,train
3207,OCNT-2316125,1608,validation
3208,OCNT-2316131,1607,train
3209,OCNT-2316132,1606,test
3210,OCNT-2316133,1605,validation
3211,OCNT-2316136,1604,train
3212,OCNT-2316138,1603,train
3213,OCNT-2316140,1602,train
3214,OCNT-2316141,1601,validation
3215,OCNT-2316147,1600,train
3216,OCNT-2316148,1599,validation
3217,OCNT-2316158,1598,train
3218,OCNT-2316159,1597,train
3219,OCNT-2316163,1596,train
3220,OCNT-2316164,1595,train
3221,OCNT-2316170,1594,validation
3222,OCNT-2316175,1593,train
3223,OCNT-2316176,1592,train
3224,OCNT-2316177,1591,train
3225,OCNT-2316179,1590,train
3226,OCNT-2316180,1589,train
3227,OCNT-2316181,1588,train
3228,OCNT-2316185,1587,test
3229,OCNT-2316186,1586,train
3230,OCNT-2316187,1585,train
3231,OCNT-2316189,1584,train
3232,OCNT-2316191,1583,validation
3233,OCNT-2316194,1582,test
3234,OCNT-2316195,1581,validation
3235,OCNT-2316196,1580,train
3236,OCNT-2316197,1579,train
3237,OCNT-2316198,1578,train
3238,OCNT-2316204,1577,train
3239,OCNT-2316205,1576,train
3240,OCNT-2316207,1575,train
3241,OCNT-2316209,1574,test
3242,OCNT-2316212,1573,train
3243,OCNT-2316215,1572,test
3244,OCNT-2316216,1571,train
3245,OCNT-2316217,1570,train
3246,OCNT-2316222,1569,train
3247,OCNT-2316225,1568,train
3248,OCNT-2316228,1567,train
3249,OCNT-2316229,1566,train
3250,OCNT-2316230,1565,train
3251,OCNT-2316235,1564,validation
3252,OCNT-2316236,1563,train
3253,OCNT-2316237,1562,train
3254,OCNT-2316240,1561,test
3255,OCNT-2316247,1560,train
3256,OCNT-2316252,1559,validation
3257,OCNT-2316253,1558,train
3258,OCNT-2316254,1557,validation
3259,OCNT-2316255,1556,validation
3260,OCNT-2316256,1555,train
3261,OCNT-2316257,1554,train
3262,OCNT-2316262,1553,train
3263,OCNT-2316266,1552,test
3264,OCNT-2316270,1551,train
3265,OCNT-2316274,1550,train
3266,OCNT-2316276,1549,test
3267,OCNT-2316278,1548,train
3268,OCNT-2316280,1547,train
3269,OCNT-2316287,1546,validation
3270,OCNT-2316288,1545,validation
3271,OCNT-2316290,1544,train
3272,OCNT-2316296,1543,validation
3273,OCNT-2316303,1542,train
3274,OCNT-2316304,1541,test
3275,OCNT-2316305,1540,train
3276,OCNT-2316307,1539,train
3277,OCNT-2316311,1538,train
3278,OCNT-2316319,1537,train
3279,OCNT-2316320,1536,test
3280,OCNT-2316322,1535,train
3281,OCNT-2316326,1534,train
3282,OCNT-2316329,1533,train
3283,OCNT-2316334,1532,train
3284,OCNT-2316337,1531,validation
3285,OCNT-2316339,1530,validation
3286,OCNT-2316344,1529,train
3287,OCNT-2316345,1528,test
3288,OCNT-2316348,1527,train
3289,OCNT-2316349,1526,train
3290,OCNT-2316352,1525,train
3291,OCNT-2316354,1524,train
3292,OCNT-2316356,1523,train
3293,OCNT-2316358,1522,train
3294,OCNT-2316359,1521,train
3295,OCNT-2316360,1520,test
3296,OCNT-2316365,1519,test
3297,OCNT-2316367,1518,validation
3298,OCNT-2316372,1517,train
3299,OCNT-2316374,1516,train
3300,OCNT-2316388,1515,train
3301,OCNT-2316392,1514,train
3302,OCNT-2316394,1513,validation
3303,OCNT-2316397,1512,train
3304,OCNT-2316398,1511,train
3305,OCNT-2316399,1510,train
3306,OCNT-2316400,1509,train
3307,OCNT-2316402,1508,train
3308,OCNT-2316403,1507,train
3309,OCNT-2316408,1506,train
3310,OCNT-2316412,1505,train
3311,OCNT-2316420,1504,train
3312,OCNT-2316424,1503,test
3313,OCNT-2316430,1502,train
3314,OCNT-2316431,1501,train
3315,OCNT-2316432,11,test
3316,OCNT-2316436,1500,train
3317,OCNT-2316438,47,validation
3318,OCNT-2316441,1499,train
3319,OCNT-2316444,1498,train
3320,OCNT-2316445,1497,train
3321,OCNT-2316451,1496,train
3322,OCNT-2316452,1495,train
3323,OCNT-2316459,1494,test
3324,OCNT-2316462,1493,train
3325,OCNT-2316464,1492,train
3326,OCNT-2316472,1491,test
3327,OCNT-2316474,1490,train
3328,OCNT-2316475,1489,train
3329,OCNT-2316476,1488,test
3330,OCNT-2316482,1487,test
3331,OCNT-2316486,1486,test
3332,OCNT-2316490,1485,train
3333,OCNT-2316493,1484,test
3334,OCNT-2316494,1483,train
3335,OCNT-2316497,1482,train
3336,OCNT-2316507,1481,train
3337,OCNT-2316512,1480,train
3338,OCNT-2316515,1479,train
3339,OCNT-2316516,1478,test
3340,OCNT-2316527,1477,validation
3341,OCNT-2316531,1476,test
3342,OCNT-2316534,1475,test
3343,OCNT-2316535,1474,test
3344,OCNT-2316543,1473,test
3345,OCNT-2316547,1472,train
3346,OCNT-2316548,1471,train
3347,OCNT-2316551,1470,train
3348,OCNT-2316553,1469,train
3349,OCNT-2316554,1468,validation
3350,OCNT-2316555,1467,train
3351,OCNT-2316557,1466,train
3352,OCNT-2316559,1465,test
3353,OCNT-2316560,1464,validation
3354,OCNT-2316563,1463,test
3355,OCNT-2316564,1462,validation
3356,OCNT-2316565,1461,train
3357,OCNT-2316566,1460,train
3358,OCNT-2316568,1459,test
3359,OCNT-2316569,1458,test
3360,OCNT-2316570,1457,train
3361,OCNT-2316573,1456,test
3362,OCNT-2316582,1455,test
3363,OCNT-2316583,1454,train
3364,OCNT-2316585,1453,test
3365,OCNT-2316587,1452,train
3366,OCNT-2316589,1451,train
3367,OCNT-2316591,1450,validation
3368,OCNT-2316592,1449,train
3369,OCNT-2316594,1448,validation
3370,OCNT-2316595,1447,validation
3371,OCNT-2316600,1446,train
3372,OCNT-2316604,1445,train
3373,OCNT-2316606,1444,test
3374,OCNT-2316608,1443,validation
3375,OCNT-2316612,1442,validation
3376,OCNT-2316617,1441,validation
3377,OCNT-2316619,1440,train
3378,OCNT-2316624,1439,test
3379,OCNT-2316626,1438,train
3380,OCNT-2316628,1437,train
3381,OCNT-2316630,1436,train
3382,OCNT-2316633,1435,train
3383,OCNT-2316635,1434,validation
3384,OCNT-2316636,1433,train
3385,OCNT-2316641,1432,train
3386,OCNT-2316644,1431,train
3387,OCNT-2316650,1430,validation
3388,OCNT-2316654,1429,validation
3389,OCNT-2316656,1428,train
3390,OCNT-2316657,1427,train
3391,OCNT-2316658,1426,train
3392,OCNT-2316662,1425,test
3393,OCNT-2316664,1424,train
3394,OCNT-2316666,1423,train
3395,OCNT-2316669,1422,train
3396,OCNT-2316671,1421,validation
3397,OCNT-2316676,1420,train
3398,OCNT-2316679,1419,test
3399,OCNT-2316682,1418,train
3400,OCNT-2316683,1417,train
3401,OCNT-2316684,1416,test
3402,OCNT-2316687,1415,train
3403,OCNT-2316690,1414,train
3404,OCNT-2316691,1413,test
3405,OCNT-2316693,1412,train
3406,OCNT-2316694,1411,train
3407,OCNT-2316696,1410,validation
3408,OCNT-2316697,1409,train
3409,OCNT-2316700,1408,train
3410,OCNT-2316701,1407,test
3411,OCNT-2316702,1406,test
3412,OCNT-2316703,1405,train
3413,OCNT-2316704,1404,train
3414,OCNT-2316705,1403,train
3415,OCNT-2316707,1402,train
3416,OCNT-2316708,1401,test
3417,OCNT-2316709,1400,validation
3418,OCNT-2316711,1399,train
3419,OCNT-2316720,1398,train
3420,OCNT-2316721,1397,train
3421,OCNT-2316722,1396,validation
3422,OCNT-2316726,1395,validation
3423,OCNT-2316735,1394,validation
3424,OCNT-2316737,1393,train
3425,OCNT-2316738,1392,train
3426,OCNT-2316739,1391,train
3427,OCNT-2316742,1390,train
3428,OCNT-2316744,1389,train
3429,OCNT-2316746,1388,validation
3430,OCNT-2316747,1387,train
3431,OCNT-2316749,1386,train
3432,OCNT-2316751,1385,validation
3433,OCNT-2316754,1384,train
3434,OCNT-2316755,1383,train
3435,OCNT-2316758,1382,train
3436,OCNT-2316761,1381,validation
3437,OCNT-2316764,1380,validation
3438,OCNT-2316765,1379,train
3439,OCNT-2316766,1378,train
3440,OCNT-2316767,1377,train
3441,OCNT-2316768,1376,train
3442,OCNT-2316769,1375,train
3443,OCNT-2316770,1374,train
3444,OCNT-2316771,1373,train
3445,OCNT-2316772,1372,train
3446,OCNT-2316774,1371,test
3447,OCNT-2316775,1370,test
3448,OCNT-2316781,1369,train
3449,OCNT-2316783,1368,train
3450,OCNT-2316787,1367,train
3451,OCNT-2316796,1366,test
3452,OCNT-2316803,1365,train
3453,OCNT-2316811,1364,validation
3454,OCNT-2316815,1363,validation
3455,OCNT-2316818,1362,train
3456,OCNT-2316819,1361,train
3457,OCNT-2316821,1360,validation
3458,OCNT-2316822,1359,train
3459,OCNT-2316823,1358,train
3460,OCNT-2316832,1357,train
3461,OCNT-2316834,1356,train
3462,OCNT-2316836,1355,validation
3463,OCNT-2316839,1354,train
3464,OCNT-2316840,1353,train
3465,OCNT-2316841,1352,train
3466,OCNT-2316845,1351,train
3467,OCNT-2316848,1350,train
3468,OCNT-2316852,1349,train
3469,OCNT-2316854,1348,train
3470,OCNT-2316855,1347,train
3471,OCNT-2316859,1346,train
3472,OCNT-2316861,1345,train
3473,OCNT-2316864,1344,train
3474,OCNT-2316867,1343,train
3475,OCNT-2316870,1342,validation
3476,OCNT-2316872,1341,validation
3477,OCNT-2316874,1340,train
3478,OCNT-2316876,1339,train
3479,OCNT-2316877,1338,validation
3480,OCNT-2316879,1337,test
3481,OCNT-2316880,1336,train
3482,OCNT-2316881,1335,train
3483,OCNT-2316883,1334,validation
3484,OCNT-2316884,1333,test
3485,OCNT-2316890,1332,test
3486,OCNT-2316891,1331,test
3487,OCNT-2316896,1330,train
3488,OCNT-2316904,1329,train
3489,OCNT-2316906,1328,train
3490,OCNT-2316907,1327,train
3491,OCNT-2316908,1326,validation
3492,OCNT-2316909,1325,train
3493,OCNT-2316911,1324,train
3494,OCNT-2316912,1323,train
3495,OCNT-2316913,1322,test
3496,OCNT-2316915,1321,train
3497,OCNT-2316917,1320,test
3498,OCNT-2316921,1319,train
3499,OCNT-2316922,1318,test
3500,OCNT-2316923,1317,train
3501,OCNT-2316931,1316,train
3502,OCNT-2316933,1315,train
3503,OCNT-2316937,1314,train
3504,OCNT-2316942,1313,train
3505,OCNT-2316947,1312,train
3506,OCNT-2316948,1311,train
3507,OCNT-2316951,1310,train
3508,OCNT-2316954,1309,train
3509,OCNT-2316959,1308,validation
3510,OCNT-2316960,1307,train
3511,OCNT-2316961,1306,train
3512,OCNT-2316962,1305,train
3513,OCNT-2316964,1304,train
3514,OCNT-2316966,1303,train
3515,OCNT-2316967,1302,train
3516,OCNT-2316968,1301,train
3517,OCNT-2316971,1300,train
3518,OCNT-2316975,1299,train
3519,OCNT-2316976,1298,train
3520,OCNT-2316984,1297,train
3521,OCNT-2316987,1296,validation
3522,OCNT-2316989,1295,train
3523,OCNT-2316997,1294,train
3524,OCNT-2316998,1293,train
3525,OCNT-2317000,1292,train
3526,OCNT-2317002,1291,test
3527,OCNT-2317014,1290,validation
3528,OCNT-2317020,1289,validation
3529,OCNT-2317021,1288,train
3530,OCNT-2317023,1287,validation
3531,OCNT-2317024,1286,train
3532,OCNT-2317025,1285,train
3533,OCNT-2317028,1284,train
3534,OCNT-2317039,1283,train
3535,OCNT-2317040,1282,train
3536,OCNT-2317044,1281,train
3537,OCNT-2317059,66,validation
3538,OCNT-2317061,1280,test
3539,OCNT-2317062,1279,validation
3540,OCNT-2317064,1278,train
3541,OCNT-2317065,1277,train
3542,OCNT-2317066,1276,train
3543,OCNT-2317067,1275,train
3544,OCNT-2317068,1274,train
3545,OCNT-2317070,1273,validation
3546,OCNT-2317072,1272,train
3547,OCNT-2317077,1271,validation
3548,OCNT-2317078,1270,train
3549,OCNT-2317079,1269,train
3550,OCNT-2317084,1268,train
3551,OCNT-2317086,1267,train
3552,OCNT-2317087,1266,train
3553,OCNT-2317090,1265,train
3554,OCNT-2317092,1264,train
3555,OCNT-2317097,1263,train
3556,OCNT-2317099,1262,train
3557,OCNT-2317101,1261,train
3558,OCNT-2317103,1260,validation
3559,OCNT-2317105,1259,train
3560,OCNT-2317107,1258,train
3561,OCNT-2317109,1257,train
3562,OCNT-2317112,1256,train
3563,OCNT-2317114,1255,train
3564,OCNT-2317116,1254,train
3565,OCNT-2317118,1253,train
3566,OCNT-2317123,1252,train
3567,OCNT-2317126,1251,train
3568,OCNT-2317127,1250,train
3569,OCNT-2317130,1249,validation
3570,OCNT-2317132,1248,train
3571,OCNT-2317134,1247,train
3572,OCNT-2317135,1246,validation
3573,OCNT-2317136,1245,train
3574,OCNT-2317143,1244,train
3575,OCNT-2317145,1243,train
3576,OCNT-2317148,1242,train
3577,OCNT-2317154,1241,train
3578,OCNT-2317155,1240,test
3579,OCNT-2317156,1239,train
3580,OCNT-2317157,1238,train
3581,OCNT-2317158,1237,train
3582,OCNT-2317163,1236,train
3583,OCNT-2317166,1235,validation
3584,OCNT-2317169,1234,train
3585,OCNT-2317170,1233,train
3586,OCNT-2317171,1232,test
3587,OCNT-2317172,1231,validation
3588,OCNT-2317174,1230,test
3589,OCNT-2317177,1229,validation
3590,OCNT-2317179,1228,train
3591,OCNT-2317181,1227,train
3592,OCNT-2317182,1226,validation
3593,OCNT-2317183,1225,test
3594,OCNT-2317186,1224,train
3595,OCNT-2317189,1223,test
3596,OCNT-2317192,1222,train
3597,OCNT-2317195,1221,train
3598,OCNT-2317197,1220,train
3599,OCNT-2317199,1219,validation
3600,OCNT-2317200,1218,train
3601,OCNT-2317204,1217,test
3602,OCNT-2317205,1216,train
3603,OCNT-2317207,1215,train
3604,OCNT-2317208,1214,test
3605,OCNT-2317210,1213,test
3606,OCNT-2317215,1212,train
3607,OCNT-2317216,1211,train
3608,OCNT-2317217,1210,test
3609,OCNT-2317220,1209,train
3610,OCNT-2317221,1208,validation
3611,OCNT-2317222,1207,train
3612,OCNT-2317227,1206,validation
3613,OCNT-2317229,1205,test
3614,OCNT-2317231,1204,train
3615,OCNT-2317238,1203,train
3616,OCNT-2317246,1202,train
3617,OCNT-2317249,1201,train
3618,OCNT-2317252,1200,train
3619,OCNT-2317253,1199,validation
3620,OCNT-2317255,1198,train
3621,OCNT-2317261,1197,validation
3622,OCNT-2317262,1196,train
3623,OCNT-2317263,1195,train
3624,OCNT-2317265,66,validation
3625,OCNT-2317269,1194,train
3626,OCNT-2317271,1193,train
3627,OCNT-2317273,1192,train
3628,OCNT-2317274,1191,train
3629,OCNT-2317275,1190,train
3630,OCNT-2317276,1189,train
3631,OCNT-2317279,1188,train
3632,OCNT-2317280,1187,train
3633,OCNT-2317281,1186,validation
3634,OCNT-2317282,1185,train
3635,OCNT-2317285,1184,train
3636,OCNT-2317286,1183,train
3637,OCNT-2317287,1182,train
3638,OCNT-2317295,1181,test
3639,OCNT-2317297,1180,test
3640,OCNT-2317298,1179,validation
3641,OCNT-2317299,1178,train
3642,OCNT-2317300,1177,train
3643,OCNT-2317304,1176,train
3644,OCNT-2317309,1175,train
3645,OCNT-2317310,1174,test
3646,OCNT-2317311,1173,train
3647,OCNT-2317312,1172,train
3648,OCNT-2317314,1171,train
3649,OCNT-2317316,1170,train
3650,OCNT-2317321,1169,train
3651,OCNT-2317322,1168,train
3652,OCNT-2317323,1167,test
3653,OCNT-2317326,1166,train
3654,OCNT-2317327,1165,validation
3655,OCNT-2317331,1164,train
3656,OCNT-2317332,1163,validation
3657,OCNT-2317336,1162,train
3658,OCNT-2317337,1161,test
3659,OCNT-2317338,1160,validation
3660,OCNT-2317340,1159,train
3661,OCNT-2317342,1158,train
3662,OCNT-2317343,1157,train
3663,OCNT-2317344,1156,train
3664,OCNT-2317345,1155,validation
3665,OCNT-2317346,1154,train
3666,OCNT-2317347,1153,train
3667,OCNT-2317349,1152,test
3668,OCNT-2317350,1151,train
3669,OCNT-2317353,1150,train
3670,OCNT-2317357,1149,train
3671,OCNT-2317360,1148,train
3672,OCNT-2317361,1147,train
3673,OCNT-2317363,1146,validation
3674,OCNT-2317366,1145,train
3675,OCNT-2317368,1144,train
3676,OCNT-2317371,1143,train
3677,OCNT-2317373,1142,train
3678,OCNT-2317382,1141,train
3679,OCNT-2317383,1140,train
3680,OCNT-2317384,1139,train
3681,OCNT-2317386,1138,train
3682,OCNT-2317388,1137,train
3683,OCNT-2317389,1136,train
3684,OCNT-2317392,1135,train
3685,OCNT-2317394,1134,train
3686,OCNT-2317395,1133,train
3687,OCNT-2317398,1132,train
3688,OCNT-2317401,1131,train
3689,OCNT-2317402,1130,validation
3690,OCNT-2317403,1129,train
3691,OCNT-2317404,1128,train
3692,OCNT-2317408,1127,train
3693,OCNT-2317409,1126,train
3694,OCNT-2317413,1125,validation
3695,OCNT-2317414,1124,validation
3696,OCNT-2317417,1123,test
3697,OCNT-2317418,1122,train
3698,OCNT-2317420,1121,train
3699,OCNT-2317424,1120,train
3700,OCNT-2317425,1119,train
3701,OCNT-2317432,1118,validation
3702,OCNT-2317433,1117,train
3703,OCNT-2317434,1116,test
3704,OCNT-2317441,1115,train
3705,OCNT-2317442,1114,train
3706,OCNT-2317444,1113,train
3707,OCNT-2317446,1112,train
3708,OCNT-2317449,1111,validation
3709,OCNT-2317450,1110,train
3710,OCNT-2317452,1109,train
3711,OCNT-2317454,1108,test
3712,OCNT-2317457,1107,train
3713,OCNT-2317458,1106,test
3714,OCNT-2317460,1105,train
3715,OCNT-2317464,1104,train
3716,OCNT-2317465,1103,train
3717,OCNT-2317466,1102,train
3718,OCNT-2317467,1101,test
3719,OCNT-2317469,1100,test
3720,OCNT-2317470,1099,train
3721,OCNT-2317471,1098,train
3722,OCNT-2317472,1097,validation
3723,OCNT-2317476,1096,test
3724,OCNT-2317479,1095,test
3725,OCNT-2317482,1094,train
3726,OCNT-2317486,1093,validation
3727,OCNT-2317489,1092,test
3728,OCNT-2317493,1091,train
3729,OCNT-2317498,1090,train
3730,OCNT-2317503,1089,train
3731,OCNT-2317504,1088,train
3732,OCNT-2317505,1087,train
3733,OCNT-2317506,1086,train
3734,OCNT-2317510,1085,validation
3735,OCNT-2317512,1084,train
3736,OCNT-2317513,1083,train
3737,OCNT-2317519,1082,test
3738,OCNT-2317520,1081,train
3739,OCNT-2317521,1080,validation
3740,OCNT-2317530,1079,train
3741,OCNT-2317533,1078,validation
3742,OCNT-2317535,1077,train
3743,OCNT-2317536,1076,train
3744,OCNT-2317538,1075,train
3745,OCNT-2317551,1074,train
3746,OCNT-2317552,1073,validation
3747,OCNT-2317569,1072,train
3748,OCNT-2317570,1071,train
3749,OCNT-2317571,1070,train
3750,OCNT-2317577,1069,train
3751,OCNT-2317579,1068,train
3752,OCNT-2317584,1067,train
3753,OCNT-2317589,1066,train
3754,OCNT-2317592,1065,train
3755,OCNT-2317594,1064,train
3756,OCNT-2317596,1063,train
3757,OCNT-2317597,1062,train
3758,OCNT-2317599,1061,validation
3759,OCNT-2317600,1060,test
3760,OCNT-2317601,1059,train
3761,OCNT-2317602,1058,train
3762,OCNT-2317604,1057,train
3763,OCNT-2317607,1056,validation
3764,OCNT-2317609,1055,validation
3765,OCNT-2317611,1054,train
3766,OCNT-2317612,1053,train
3767,OCNT-2317620,1052,train
3768,OCNT-2317624,1051,train
3769,OCNT-2317625,1050,test
3770,OCNT-2317626,1049,train
3771,OCNT-2317628,1048,train
3772,OCNT-2317632,1047,test
3773,OCNT-2317633,1046,train
3774,OCNT-2317634,1045,train
3775,OCNT-2317635,1044,train
3776,OCNT-2317641,1043,test
3777,OCNT-2317646,1042,train
3778,OCNT-2317648,1041,train
3779,OCNT-2317650,1040,train
3780,OCNT-2317652,1039,train
3781,OCNT-2317654,1038,train
3782,OCNT-2317655,1037,train
3783,OCNT-2317662,1036,test
3784,OCNT-2317664,1035,test
3785,OCNT-2317666,1034,train
3786,OCNT-2317667,1033,test
3787,OCNT-2317668,1032,train
3788,OCNT-2317671,1031,train
3789,OCNT-2317673,1030,train
3790,OCNT-2317680,1029,validation
3791,OCNT-2317681,1028,test
3792,OCNT-2317682,1027,train
3793,OCNT-2317684,1026,train
3794,OCNT-2317688,1025,train
3795,OCNT-2317689,1024,train
3796,OCNT-2317690,1023,validation
3797,OCNT-2317693,1022,test
3798,OCNT-2317694,1021,train
3799,OCNT-2317695,1020,train
3800,OCNT-2317700,1019,test
3801,OCNT-2317705,1018,validation
3802,OCNT-2317709,1017,train
3803,OCNT-2317711,1016,train
3804,OCNT-2317716,1015,train
3805,OCNT-2317717,1014,train
3806,OCNT-2317719,1013,train
3807,OCNT-2317724,1012,train
3808,OCNT-2317729,1011,train
3809,OCNT-2317730,1010,train
3810,OCNT-2317736,1009,validation
3811,OCNT-2317738,1008,validation
3812,OCNT-2317740,1007,validation
3813,OCNT-2317742,1006,train
3814,OCNT-2317749,1005,test
3815,OCNT-2317750,1004,train
3816,OCNT-2317753,1003,test
3817,OCNT-2317758,1002,train
3818,OCNT-2317759,1001,validation
3819,OCNT-2317761,1000,train
3820,OCNT-2317762,999,validation
3821,OCNT-2317763,998,validation
3822,OCNT-2317764,997,validation
3823,OCNT-2317767,996,train
3824,OCNT-2317779,995,test
3825,OCNT-2317783,994,train
3826,OCNT-2317789,993,train
3827,OCNT-2317790,992,train
3828,OCNT-2317796,991,train
3829,OCNT-2317801,990,train
3830,OCNT-2317807,989,train
3831,OCNT-2317809,988,test
3832,OCNT-2317811,987,train
3833,OCNT-2317813,986,test
3834,OCNT-2317815,985,train
3835,OCNT-2317816,984,train
3836,OCNT-2317817,983,train
3837,OCNT-2317818,982,train
3838,OCNT-2317821,981,train
3839,OCNT-2317822,980,train
3840,OCNT-2317824,979,train
3841,OCNT-2317825,978,validation
3842,OCNT-2317826,977,train
3843,OCNT-2317829,976,train
3844,OCNT-2317832,975,train
3845,OCNT-2317840,974,train
3846,OCNT-2317841,973,test
3847,OCNT-2317842,972,train
3848,OCNT-2317846,971,train
3849,OCNT-2317849,970,test
3850,OCNT-2317850,969,validation
3851,OCNT-2317854,968,test
3852,OCNT-2317857,967,validation
3853,OCNT-2317860,966,train
3854,OCNT-2317862,965,train
3855,OCNT-2317864,964,train
3856,OCNT-2317866,963,test
3857,OCNT-2317868,962,validation
3858,OCNT-2317870,961,train
3859,OCNT-2317872,960,train
3860,OCNT-2317874,959,validation
3861,OCNT-2317875,958,test
3862,OCNT-2317878,957,train
3863,OCNT-2317879,956,train
3864,OCNT-2317881,955,train
3865,OCNT-2317887,954,train
3866,OCNT-2317890,953,train
3867,OCNT-2317891,952,train
3868,OCNT-2317894,951,train
3869,OCNT-2317895,950,train
3870,OCNT-2317896,949,validation
3871,OCNT-2317899,948,train
3872,OCNT-2317901,947,test
3873,OCNT-2317904,946,train
3874,OCNT-2317906,945,train
3875,OCNT-2317908,944,train
3876,OCNT-2317909,943,train
3877,OCNT-2317910,942,train
3878,OCNT-2317914,941,train
3879,OCNT-2317916,940,train
3880,OCNT-2317923,939,train
3881,OCNT-2317925,938,test
3882,OCNT-2317926,937,validation
3883,OCNT-2317931,936,train
3884,OCNT-2317936,935,train
3885,OCNT-2317938,934,train
3886,OCNT-2317940,933,train
3887,OCNT-2317941,932,train
3888,OCNT-2317942,931,train
3889,OCNT-2317943,930,train
3890,OCNT-2317946,929,validation
3891,OCNT-2317949,928,train
3892,OCNT-2317951,927,train
3893,OCNT-2317952,926,validation
3894,OCNT-2317954,925,train
3895,OCNT-2317957,924,train
3896,OCNT-2317958,923,test
3897,OCNT-2317959,922,train
3898,OCNT-2317961,921,train
3899,OCNT-2317962,920,train
3900,OCNT-2317963,919,train
3901,OCNT-2317966,918,train
3902,OCNT-2317968,917,train
3903,OCNT-2317970,916,test
3904,OCNT-2317974,915,train
3905,OCNT-2317979,914,train
3906,OCNT-2317981,913,test
3907,OCNT-2317983,912,train
3908,OCNT-2317984,911,test
3909,OCNT-2317986,910,test
3910,OCNT-2317987,909,validation
3911,OCNT-2317988,908,train
3912,OCNT-2317990,907,train
3913,OCNT-2317996,906,train
3914,OCNT-2317998,905,train
3915,OCNT-2317999,904,train
3916,OCNT-2318000,903,train
3917,OCNT-2318002,902,train
3918,OCNT-2318005,901,train
3919,OCNT-2318008,900,train
3920,OCNT-2318014,899,train
3921,OCNT-2318016,898,train
3922,OCNT-2318019,897,validation
3923,OCNT-2318020,896,train
3924,OCNT-2318022,895,train
3925,OCNT-2318023,894,train
3926,OCNT-2318024,893,train
3927,OCNT-2318026,892,validation
3928,OCNT-2318030,891,validation
3929,OCNT-2318031,890,train
3930,OCNT-2318034,889,train
3931,OCNT-2318036,888,train
3932,OCNT-2318037,887,train
3933,OCNT-2318042,886,train
3934,OCNT-2318046,885,validation
3935,OCNT-2318048,884,train
3936,OCNT-2318049,883,train
3937,OCNT-2318057,882,train
3938,OCNT-2318058,881,train
3939,OCNT-2318059,27,validation
3940,OCNT-2318060,880,train
3941,OCNT-2318061,879,train
3942,OCNT-2318067,878,test
3943,OCNT-2318073,877,train
3944,OCNT-2318074,876,validation
3945,OCNT-2318077,875,train
3946,OCNT-2318080,874,train
3947,OCNT-2318082,873,train
3948,OCNT-2318089,872,train
3949,OCNT-2318090,871,train
3950,OCNT-2318091,870,train
3951,OCNT-2318092,869,train
3952,OCNT-2318097,868,train
3953,OCNT-2318098,867,train
3954,OCNT-2318099,866,test
3955,OCNT-2318103,865,train
3956,OCNT-2318107,864,train
3957,OCNT-2318111,863,train
3958,OCNT-2318112,862,train
3959,OCNT-2318114,861,train
3960,OCNT-2318116,860,train
3961,OCNT-2318117,859,test
3962,OCNT-2318118,858,train
3963,OCNT-2318120,857,train
3964,OCNT-2318123,856,validation
3965,OCNT-2318130,855,validation
3966,OCNT-2318132,854,validation
3967,OCNT-2318133,853,train
3968,OCNT-2318135,852,train
3969,OCNT-2318141,851,train
3970,OCNT-2318150,850,train
3971,OCNT-2318152,849,test
3972,OCNT-2318153,848,train
3973,OCNT-2318155,847,train
3974,OCNT-2318156,846,validation
3975,OCNT-2318157,845,test
3976,OCNT-2318165,844,train
3977,OCNT-2318169,843,train
3978,OCNT-2318171,842,train
3979,OCNT-2318174,841,test
3980,OCNT-2318175,840,test
3981,OCNT-2318176,839,train
3982,OCNT-2318177,838,validation
3983,OCNT-2318183,837,validation
3984,OCNT-2318184,836,test
3985,OCNT-2318185,835,validation
3986,OCNT-2318186,834,train
3987,OCNT-2318193,833,test
3988,OCNT-2318196,832,train
3989,OCNT-2318197,831,validation
3990,OCNT-2318198,830,train
3991,OCNT-2318205,829,train
3992,OCNT-2318207,828,train
3993,OCNT-2318209,827,test
3994,OCNT-2318213,826,train
3995,OCNT-2318216,825,test
3996,OCNT-2318220,824,test
3997,OCNT-2318223,823,train
3998,OCNT-2318230,822,train
3999,OCNT-2318232,821,train
4000,OCNT-2318236,820,test
4001,OCNT-2318240,819,train
4002,OCNT-2318241,818,validation
4003,OCNT-2318242,817,train
4004,OCNT-2318243,816,train
4005,OCNT-2318244,815,train
4006,OCNT-2318253,814,train
4007,OCNT-2318254,813,validation
4008,OCNT-2318257,812,test
4009,OCNT-2318259,811,train
4010,OCNT-2318260,810,train
4011,OCNT-2318261,809,validation
4012,OCNT-2318269,808,validation
4013,OCNT-2318270,807,train
4014,OCNT-2318272,806,train
4015,OCNT-2318273,805,train
4016,OCNT-2318275,804,train
4017,OCNT-2318277,803,test
4018,OCNT-2318278,802,train
4019,OCNT-2318281,801,test
4020,OCNT-2318286,800,validation
4021,OCNT-2318287,799,train
4022,OCNT-2318290,798,train
4023,OCNT-2318294,797,train
4024,OCNT-2318299,796,train
4025,OCNT-2318300,795,validation
4026,OCNT-2318305,794,train
4027,OCNT-2318306,793,test
4028,OCNT-2318307,792,train
4029,OCNT-2318308,791,train
4030,OCNT-2318311,790,train
4031,OCNT-2318312,789,train
4032,OCNT-2318316,788,train
4033,OCNT-2318322,787,train
4034,OCNT-2318324,786,train
4035,OCNT-2318326,785,train
4036,OCNT-2318328,784,train
4037,OCNT-2318329,783,train
4038,OCNT-2318330,782,validation
4039,OCNT-2318340,781,test
4040,OCNT-2318341,780,train
4041,OCNT-2318342,779,train
4042,OCNT-2318344,778,train
4043,OCNT-2318346,777,train
4044,OCNT-2318347,776,train
4045,OCNT-2318348,775,train
4046,OCNT-2318350,774,validation
4047,OCNT-2318351,773,train
4048,OCNT-2318352,772,test
4049,OCNT-2318356,771,validation
4050,OCNT-2318359,770,test
4051,OCNT-2318363,769,train
4052,OCNT-2318364,768,train
4053,OCNT-2318366,767,train
4054,OCNT-2318369,766,train
4055,OCNT-2318371,765,test
4056,OCNT-2318376,764,train
4057,OCNT-2318379,763,test
4058,OCNT-2318388,762,train
4059,OCNT-2318390,761,train
4060,OCNT-2318391,760,train
4061,OCNT-2318392,759,train
4062,OCNT-2318394,758,validation
4063,OCNT-2318395,757,train
4064,OCNT-2318397,756,train
4065,OCNT-2318399,755,train
4066,OCNT-2318401,754,train
4067,OCNT-2318404,753,train
4068,OCNT-2318405,752,train
4069,OCNT-2318411,751,validation
4070,OCNT-2318416,750,train
4071,OCNT-2318420,749,test
4072,OCNT-2318423,748,train
4073,OCNT-2318428,747,train
4074,OCNT-2318429,746,train
4075,OCNT-2318434,745,train
4076,OCNT-2318439,744,validation
4077,OCNT-2318445,743,validation
4078,OCNT-2318446,742,train
4079,OCNT-2318448,741,validation
4080,OCNT-2318449,740,train
4081,OCNT-2318451,739,train
4082,OCNT-2318453,738,test
4083,OCNT-2318456,737,train
4084,OCNT-2318460,736,train
4085,OCNT-2318462,735,train
4086,OCNT-2318463,734,train
4087,OCNT-2318467,733,train
4088,OCNT-2318468,732,train
4089,OCNT-2318474,731,train
4090,OCNT-2318479,730,train
4091,OCNT-2318483,729,test
4092,OCNT-2318484,728,train
4093,OCNT-2318486,727,train
4094,OCNT-2318487,726,test
4095,OCNT-2318494,725,validation
4096,OCNT-2318495,724,train
4097,OCNT-2318499,723,train
4098,OCNT-2318503,722,validation
4099,OCNT-2318507,721,validation
4100,OCNT-2318512,720,test
4101,OCNT-2318516,719,train
4102,OCNT-2318522,718,train
4103,OCNT-2318523,717,train
4104,OCNT-2318524,716,train
4105,OCNT-2318529,715,test
4106,OCNT-2318530,714,train
4107,OCNT-2318531,713,test
4108,OCNT-2318535,712,train
4109,OCNT-2318536,711,test
4110,OCNT-2318539,710,test
4111,OCNT-2318540,709,train
4112,OCNT-2318541,708,validation
4113,OCNT-2318542,707,train
4114,OCNT-2318543,706,train
4115,OCNT-2318545,705,train
4116,OCNT-2318546,704,train
4117,OCNT-2318547,703,train
4118,OCNT-2318549,702,test
4119,OCNT-2318552,701,train
4120,OCNT-2318553,700,train
4121,OCNT-2318555,699,train
4122,OCNT-2318557,698,train
4123,OCNT-2318558,697,train
4124,OCNT-2318561,696,train
4125,OCNT-2318566,695,train
4126,OCNT-2318568,694,train
4127,OCNT-2318569,693,validation
4128,OCNT-2318570,692,train
4129,OCNT-2318572,691,test
4130,OCNT-2318573,690,train
4131,OCNT-2318576,689,train
4132,OCNT-2318577,688,validation
4133,OCNT-2318583,687,train
4134,OCNT-2318584,686,train
4135,OCNT-2318585,685,train
4136,OCNT-2318586,684,train
4137,OCNT-2318590,683,train
4138,OCNT-2318595,682,train
4139,OCNT-2318599,681,train
4140,OCNT-2318602,680,test
4141,OCNT-2318603,679,train
4142,OCNT-2318609,678,train
4143,OCNT-2318612,677,train
4144,OCNT-2318616,676,train
4145,OCNT-2318618,675,validation
4146,OCNT-2318622,674,train
4147,OCNT-2318623,673,train
4148,OCNT-2318628,672,train
4149,OCNT-2318633,671,train
4150,OCNT-2318634,670,train
4151,OCNT-2318635,669,train
4152,OCNT-2318636,668,validation
4153,OCNT-2318637,667,train
4154,OCNT-2318638,666,test
4155,OCNT-2318639,665,train
4156,OCNT-2318643,664,validation
4157,OCNT-2318647,663,test
4158,OCNT-2318651,662,train
4159,OCNT-2318657,661,train
4160,OCNT-2318658,660,train
4161,OCNT-2318659,659,train
4162,OCNT-2318668,658,train
4163,OCNT-2318670,657,train
4164,OCNT-2318671,656,train
4165,OCNT-2318673,655,validation
4166,OCNT-2318675,654,train
4167,OCNT-2318678,653,train
4168,OCNT-2318680,652,train
4169,OCNT-2318684,651,train
4170,OCNT-2318685,650,train
4171,OCNT-2318691,649,test
4172,OCNT-2328316,25,validation
4173,OCNT-2328317,648,train
4174,OCNT-2328318,647,validation
4175,OCNT-2328321,646,train
4176,OCNT-2328323,65,test
4177,OCNT-2328326,645,train
4178,OCNT-2328327,644,train
4179,OCNT-2328329,643,train
4180,OCNT-2328330,642,test
4181,OCNT-2328331,641,validation
4182,OCNT-2328332,640,test
4183,OCNT-2328333,65,test
4184,OCNT-2328337,639,train
4185,OCNT-2328339,638,train
4186,OCNT-2328341,637,train
4187,OCNT-2328344,636,validation
4188,OCNT-2328345,635,train
4189,OCNT-2328348,634,train
4190,OCNT-2328352,633,train
4191,OCNT-2328359,632,test
4192,OCNT-2328360,631,train
4193,OCNT-2328366,630,test
4194,OCNT-2328368,629,train
4195,OCNT-2328369,628,validation
4196,OCNT-2328370,627,train
4197,OCNT-2328371,626,train
4198,OCNT-2328376,625,train
4199,OCNT-2328378,624,train
4200,OCNT-2328380,623,train
4201,OCNT-2328381,622,train
4202,OCNT-2328382,621,test
4203,OCNT-2328385,620,train
4204,OCNT-2328395,619,validation
4205,OCNT-2328398,618,train
4206,OCNT-2328400,617,train
4207,OCNT-2328401,616,train
4208,OCNT-2328402,615,train
4209,OCNT-2328410,614,train
4210,OCNT-2328411,613,train
4211,OCNT-2328416,612,train
4212,OCNT-2328418,611,test
4213,OCNT-2328420,610,validation
4214,OCNT-2328421,609,test
4215,OCNT-2328426,608,train
4216,OCNT-2328429,607,validation
4217,OCNT-2328430,606,test
4218,OCNT-2328441,605,train
4219,OCNT-2328446,604,train
4220,OCNT-2328447,603,test
4221,OCNT-2328449,64,validation
4222,OCNT-2328450,602,train
4223,OCNT-2328455,601,test
4224,OCNT-2328456,600,train
4225,OCNT-2328469,599,train
4226,OCNT-2328471,598,train
4227,OCNT-2328472,597,train
4228,OCNT-2328475,596,test
4229,OCNT-2328483,595,train
4230,OCNT-2328485,594,validation
4231,OCNT-2328488,593,train
4232,OCNT-2328496,592,train
4233,OCNT-2328499,591,train
4234,OCNT-2328503,590,validation
4235,OCNT-2328509,589,train
4236,OCNT-2328510,588,test
4237,OCNT-2328518,587,train
4238,OCNT-2328519,586,train
4239,OCNT-2328525,585,train
4240,OCNT-2328527,584,train
4241,OCNT-2328533,583,train
4242,OCNT-2328534,582,train
4243,OCNT-2328540,581,train
4244,OCNT-2328544,580,train
4245,OCNT-2328546,579,train
4246,OCNT-2328549,578,train
4247,OCNT-2328552,577,validation
4248,OCNT-2328553,576,train
4249,OCNT-2328555,575,train
4250,OCNT-2328558,574,train
4251,OCNT-2328559,573,train
4252,OCNT-2328562,572,train
4253,OCNT-2328565,57,test
4254,OCNT-2328568,571,train
4255,OCNT-2328579,570,test
4256,OCNT-2328583,569,train
4257,OCNT-2328585,64,validation
4258,OCNT-2328587,568,train
4259,OCNT-2328589,567,validation
4260,OCNT-2328597,566,train
4261,OCNT-2328599,565,train
4262,OCNT-2328601,564,test
4263,OCNT-2328604,563,train
4264,OCNT-2328613,562,train
4265,OCNT-2328617,561,test
4266,OCNT-2328619,560,validation
4267,OCNT-2328630,559,test
4268,OCNT-2328631,558,train
4269,OCNT-2328635,557,train
4270,OCNT-2328638,556,test
4271,OCNT-2328648,555,train
4272,OCNT-2328651,8,test
4273,OCNT-2328652,554,train
4274,OCNT-2328659,553,train
4275,OCNT-2328663,552,train
4276,OCNT-2328666,551,train
4277,OCNT-2328670,550,test
4278,OCNT-2328671,549,train
4279,OCNT-2328673,26,test
4280,OCNT-2328675,548,train
4281,OCNT-2328676,547,train
4282,OCNT-2328681,546,train
4283,OCNT-2328688,545,train
4284,OCNT-2328691,544,train
4285,OCNT-2328702,543,train
4286,OCNT-2328703,542,test
4287,OCNT-2328704,541,train
4288,OCNT-2328714,63,test
4289,OCNT-2328725,540,validation
4290,OCNT-2328726,539,train
4291,OCNT-2328727,62,validation
4292,OCNT-2328729,538,train
4293,OCNT-2328731,537,train
4294,OCNT-2328732,536,train
4295,OCNT-2328733,535,train
4296,OCNT-2328745,534,train
4297,OCNT-2328748,533,train
4298,OCNT-2328750,532,train
4299,OCNT-2328752,531,train
4300,OCNT-2328753,530,test
4301,OCNT-2328759,529,validation
4302,OCNT-2328763,528,train
4303,OCNT-2328764,527,validation
4304,OCNT-2328767,526,train
4305,OCNT-2328771,525,train
4306,OCNT-2328774,524,validation
4307,OCNT-2328777,523,test
4308,OCNT-2328781,59,validation
4309,OCNT-2328784,522,train
4310,OCNT-2328787,521,test
4311,OCNT-2328788,520,train
4312,OCNT-2328789,26,test
4313,OCNT-2328791,519,train
4314,OCNT-2328794,518,train
4315,OCNT-2328797,517,validation
4316,OCNT-2328798,25,validation
4317,OCNT-2328803,516,train
4318,OCNT-2328805,515,test
4319,OCNT-2328813,514,train
4320,OCNT-2328814,513,train
4321,OCNT-2328816,512,train
4322,OCNT-2328820,511,train
4323,OCNT-2328822,510,train
4324,OCNT-2328824,509,test
4325,OCNT-2328827,508,train
4326,OCNT-2328829,507,train
4327,OCNT-2328835,506,train
4328,OCNT-2328838,505,train
4329,OCNT-2328839,504,train
4330,OCNT-2328840,61,validation
4331,OCNT-2328848,503,validation
4332,OCNT-2328849,502,train
4333,OCNT-2328854,501,train
4334,OCNT-2328857,500,test
4335,OCNT-2328864,499,train
4336,OCNT-2328868,498,train
4337,OCNT-2328869,497,train
4338,OCNT-2328870,496,train
4339,OCNT-2328873,495,train
4340,OCNT-2328886,61,validation
4341,OCNT-2328889,494,train
4342,OCNT-2328890,493,test
4343,OCNT-2328892,492,test
4344,OCNT-2328898,60,validation
4345,OCNT-2328911,59,validation
4346,OCNT-2328914,491,train
4347,OCNT-2328916,490,validation
4348,OCNT-2328919,489,train
4349,OCNT-2328931,488,train
4350,OCNT-2328935,487,train
4351,OCNT-2328936,486,validation
4352,OCNT-2328938,485,train
4353,OCNT-2328941,484,train
4354,OCNT-2328942,483,train
4355,OCNT-2328943,482,train
4356,OCNT-2328946,481,test
4357,OCNT-2328948,480,train
4358,OCNT-2328949,479,train
4359,OCNT-2328950,478,validation
4360,OCNT-2328952,58,validation
4361,OCNT-2328955,477,train
4362,OCNT-2328958,476,train
4363,OCNT-2328961,25,validation
4364,OCNT-2328962,57,test
4365,OCNT-2328964,475,test
4366,OCNT-2328965,474,train
4367,OCNT-2328969,473,validation
4368,OCNT-2328970,472,train
4369,OCNT-2328974,471,train
4370,OCNT-2328975,470,test
4371,OCNT-2328980,469,train
4372,OCNT-2328985,468,train
4373,OCNT-2328989,467,train
4374,OCNT-2328990,466,train
4375,OCNT-2328993,465,train
4376,OCNT-2328994,464,train
4377,OCNT-2328999,463,test
4378,OCNT-2395272,462,train
4379,OCNT-2395273,50,test
4380,OCNT-2395274,461,train
4381,OCNT-2395275,460,test
4382,OCNT-2395276,44,test
4383,OCNT-2395277,459,train
4384,OCNT-2395278,53,test
4385,OCNT-2395279,7,test
4386,OCNT-2395280,458,train
4387,OCNT-2395281,457,train
4388,OCNT-2395282,51,test
4389,OCNT-2395283,7,test
4390,OCNT-2395284,14,test
4391,OCNT-2395285,456,train
4392,OCNT-2395286,455,train
4393,OCNT-2395287,454,test
4394,OCNT-2395288,55,validation
4395,OCNT-2395289,453,train
4396,OCNT-2395290,452,train
4397,OCNT-2395291,451,train
4398,OCNT-2395292,450,train
4399,OCNT-2395293,449,train
4400,OCNT-2395294,448,train
4401,OCNT-2395295,54,validation
4402,OCNT-2395296,43,test
4403,OCNT-2395297,3,test
4404,OCNT-2395298,447,test
4405,OCNT-2395299,56,validation
4406,OCNT-2395300,446,train
4407,OCNT-2395301,445,train
4408,OCNT-2395302,444,train
4409,OCNT-2395303,443,validation
4410,OCNT-2395304,442,train
4411,OCNT-2395305,52,test
4412,OCNT-2395306,441,train
4413,OCNT-2395307,440,train
4414,OCNT-2395308,439,train
4415,OCNT-2395309,438,test
4416,OCNT-2395310,437,train
4417,OCNT-2395311,436,train
4418,OCNT-2395312,435,train
4419,OCNT-2395313,18,validation
4420,OCNT-2395314,1,test
4421,OCNT-2395315,434,train
4422,OCNT-2395316,433,train
4423,OCNT-2395317,27,validation
4424,OCNT-2395318,39,validation
4425,OCNT-2395319,432,train
4426,OCNT-2395320,431,train
4427,OCNT-2395321,430,train
4428,OCNT-2395322,429,train
4429,OCNT-2395323,428,train
4430,OCNT-2395324,427,train
4431,OCNT-2395325,426,train
4432,OCNT-2395326,425,train
4433,OCNT-2395327,424,validation
4434,OCNT-2395328,27,validation
4435,OCNT-2395329,423,test
4436,OCNT-2395330,422,test
4437,OCNT-2395331,18,validation
4438,OCNT-2395332,421,train
4439,OCNT-2395333,420,test
4440,OCNT-2395334,0,validation
4441,OCNT-2395335,419,train
4442,OCNT-2395336,418,train
4443,OCNT-2395337,3,test
4444,OCNT-2395338,417,train
4445,OCNT-2395339,416,train
4446,OCNT-2395340,415,train
4447,OCNT-2395341,414,train
4448,OCNT-2395342,413,train
4449,OCNT-2395343,412,train
4450,OCNT-2395344,411,train
4451,OCNT-2395345,410,train
4452,OCNT-2395346,55,validation
4453,OCNT-2395347,409,train
4454,OCNT-2395348,408,train
4455,OCNT-2395349,24,test
4456,OCNT-2395350,407,train
4457,OCNT-2395351,10,test
4458,OCNT-2395352,406,train
4459,OCNT-2395353,405,train
4460,OCNT-2395354,404,train
4461,OCNT-2395355,403,train
4462,OCNT-2395356,402,train
4463,OCNT-2395357,401,train
4464,OCNT-2395358,54,validation
4465,OCNT-2395359,400,train
4466,OCNT-2395360,399,train
4467,OCNT-2395361,398,train
4468,OCNT-2395362,1,test
4469,OCNT-2395363,397,train
4470,OCNT-2395364,396,train
4471,OCNT-2395365,395,train
4472,OCNT-2395366,394,train
4473,OCNT-2395367,393,validation
4474,OCNT-2395368,392,train
4475,OCNT-2395369,391,test
4476,OCNT-2395370,390,train
4477,OCNT-2395371,389,train
4478,OCNT-2395372,388,train
4479,OCNT-2395373,53,test
4480,OCNT-2395374,387,train
4481,OCNT-2395375,386,test
4482,OCNT-2395376,4,test
4483,OCNT-2395377,385,train
4484,OCNT-2395378,15,test
4485,OCNT-2395379,384,train
4486,OCNT-2395380,383,train
4487,OCNT-2395381,382,test
4488,OCNT-2395382,381,train
4489,OCNT-2395383,380,test
4490,OCNT-2395384,2,validation
4491,OCNT-2395385,379,train
4492,OCNT-2395386,378,test
4493,OCNT-2395387,377,test
4494,OCNT-2395388,376,train
4495,OCNT-2395389,375,test
4496,OCNT-2395390,374,train
4497,OCNT-2395391,373,train
4498,OCNT-2395392,372,train
4499,OCNT-2395393,371,test
4500,OCNT-2395394,370,train
4501,OCNT-2395395,369,train
4502,OCNT-2395396,368,train
4503,OCNT-2395397,367,test
4504,OCNT-2395398,366,train
4505,OCNT-2395399,365,train
4506,OCNT-2395400,40,validation
4507,OCNT-2395401,364,validation
4508,OCNT-2395402,363,train
4509,OCNT-2395403,362,validation
4510,OCNT-2395404,361,train
4511,OCNT-2395405,360,train
4512,OCNT-2395406,52,test
4513,OCNT-2395407,3,test
4514,OCNT-2395408,359,train
4515,OCNT-2395409,17,validation
4516,OCNT-2395410,358,train
4517,OCNT-2395411,357,test
4518,OCNT-2395412,356,train
4519,OCNT-2395413,355,validation
4520,OCNT-2395414,354,train
4521,OCNT-2395415,353,train
4522,OCNT-2395416,5,validation
4523,OCNT-2395417,352,train
4524,OCNT-2395418,351,train
4525,OCNT-2395419,350,test
4526,OCNT-2395420,349,train
4527,OCNT-2395421,348,train
4528,OCNT-2395422,347,train
4529,OCNT-2395423,346,validation
4530,OCNT-2395424,345,train
4531,OCNT-2395425,20,validation
4532,OCNT-2395426,344,train
4533,OCNT-2395427,343,train
4534,OCNT-2395428,342,train
4535,OCNT-2395429,0,validation
4536,OCNT-2395430,341,train
4537,OCNT-2395431,340,train
4538,OCNT-2395432,339,train
4539,OCNT-2395433,338,train
4540,OCNT-2395434,337,validation
4541,OCNT-2395435,336,train
4542,OCNT-2395436,38,test
4543,OCNT-2395437,335,train
4544,OCNT-2395438,334,train
4545,OCNT-2395439,333,test
4546,OCNT-2395440,20,validation
4547,OCNT-2395441,332,train
4548,OCNT-2395442,331,train
4549,OCNT-2395443,330,train
4550,OCNT-2395444,329,validation
4551,OCNT-2395445,328,train
4552,OCNT-2395446,12,test
4553,OCNT-2395447,327,train
4554,OCNT-2395448,326,train
4555,OCNT-2395449,0,validation
4556,OCNT-2395450,325,train
4557,OCNT-2395451,324,train
4558,OCNT-2395452,323,train
4559,OCNT-2395453,22,test
4560,OCNT-2395454,322,train
4561,OCNT-2395455,321,validation
4562,OCNT-2395456,51,test
4563,OCNT-2395457,320,validation
4564,OCNT-2395458,319,train
4565,OCNT-2395459,318,train
4566,OCNT-2395460,317,train
4567,OCNT-2395461,316,train
4568,OCNT-2395462,1,test
4569,OCNT-2395463,315,train
4570,OCNT-2395464,31,validation
4571,OCNT-2395465,314,train
4572,OCNT-2395466,313,train
4573,OCNT-2395467,23,validation
4574,OCNT-2395468,312,train
4575,OCNT-2395469,311,train
4576,OCNT-2395470,310,train
4577,OCNT-2395471,309,train
4578,OCNT-2395472,308,train
4579,OCNT-2395473,307,test
4580,OCNT-2395474,306,train
4581,OCNT-2395475,37,test
4582,OCNT-2395476,23,validation
4583,OCNT-2395477,305,train
4584,OCNT-2395478,33,test
4585,OCNT-2395479,46,validation
4586,OCNT-2395480,32,validation
4587,OCNT-2395481,14,test
4588,OCNT-2395482,304,validation
4589,OCNT-2395483,303,train
4590,OCNT-2395484,302,train
4591,OCNT-2395485,301,test
4592,OCNT-2395486,300,train
4593,OCNT-2395487,49,validation
4594,OCNT-2395488,299,train
4595,OCNT-2395489,298,train
4596,OCNT-2395490,16,validation
4597,OCNT-2395491,297,train
4598,OCNT-2395492,296,train
4599,OCNT-2395493,295,validation
4600,OCNT-2395494,10,test
4601,OCNT-2395495,22,test
4602,OCNT-2395496,42,test
4603,OCNT-2395497,294,train
4604,OCNT-2395498,293,test
4605,OCNT-2395499,292,train
4606,OCNT-2395500,291,train
4607,OCNT-2395501,6,validation
4608,OCNT-2395502,290,validation
4609,OCNT-2395503,289,train
4610,OCNT-2395504,288,train
4611,OCNT-2395505,6,validation
4612,OCNT-2395506,287,train
4613,OCNT-2395507,286,train
4614,OCNT-2395508,50,test
4615,OCNT-2395510,49,validation
4616,OCNT-2395511,285,train
4617,OCNT-2395512,21,validation
4618,OCNT-2395513,284,train
4619,OCNT-2395514,283,train
4620,OCNT-2395515,282,train
4621,OCNT-2395516,15,test
4622,OCNT-2395517,281,train
4623,OCNT-2395518,12,test
4624,OCNT-2395519,280,validation
4625,OCNT-2395520,45,test
4626,OCNT-2395521,279,train
4627,OCNT-2395522,3,test
4628,OCNT-2395523,278,train
4629,OCNT-2395524,277,train
4630,OCNT-2395525,276,train
4631,OCNT-2395526,48,test
4632,OCNT-2395527,275,train
4633,OCNT-2395528,274,train
4634,OCNT-2395529,273,train
4635,OCNT-2395530,272,train
4636,OCNT-2395531,271,validation
4637,OCNT-2395532,270,validation
4638,OCNT-2395533,269,train
4639,OCNT-2395534,268,train
4640,OCNT-2395535,267,train
4641,OCNT-2395536,266,train
4642,OCNT-2395537,265,validation
4643,OCNT-2395538,264,validation
4644,OCNT-2395539,263,train
4645,OCNT-2395540,4,test
4646,OCNT-2395541,262,train
4647,OCNT-2395542,34,validation
4648,OCNT-2395543,20,validation
4649,OCNT-2395544,261,train
4650,OCNT-2395545,48,test
4651,OCNT-2395546,260,train
4652,OCNT-2395547,259,train
4653,OCNT-2395548,2,validation
4654,OCNT-2395549,258,train
4655,OCNT-2395550,257,train
4656,OCNT-2395551,256,test
4657,OCNT-2395552,255,train
4658,OCNT-2395553,254,train
4659,OCNT-2395554,253,validation
4660,OCNT-2395555,252,train
4661,OCNT-2395556,251,train
4662,OCNT-2395557,250,train
4663,OCNT-2395558,249,train
4664,OCNT-2395559,0,validation
4665,OCNT-2395560,248,train
4666,OCNT-2395561,247,train
4667,OCNT-2395562,246,test
4668,OCNT-2395563,245,test
4669,OCNT-2395564,47,validation
4670,OCNT-2395565,46,validation
4671,OCNT-2395566,244,train
4672,OCNT-2395567,243,validation
4673,OCNT-2395568,5,validation
4674,OCNT-2395569,242,train
4675,OCNT-2395570,19,test
4676,OCNT-2395571,241,train
4677,OCNT-2395572,13,validation
4678,OCNT-2395573,0,validation
4679,OCNT-2395574,240,validation
4680,OCNT-2395575,18,validation
4681,OCNT-2395576,239,train
4682,OCNT-2395577,238,train
4683,OCNT-2395578,237,train
4684,OCNT-2395579,236,train
4685,OCNT-2395580,235,train
4686,OCNT-2395581,234,train
4687,OCNT-2395582,233,train
4688,OCNT-2395583,232,train
4689,OCNT-2395584,45,test
4690,OCNT-2395585,231,test
4691,OCNT-2395586,44,test
4692,OCNT-2395587,43,test
4693,OCNT-2395588,230,train
4694,OCNT-2395589,229,train
4695,OCNT-2395590,228,train
4696,OCNT-2395591,5,validation
4697,OCNT-2395592,17,validation
4698,OCNT-2395593,227,train
4699,OCNT-2395594,41,test
4700,OCNT-2395595,226,train
4701,OCNT-2395596,225,validation
4702,OCNT-2395597,224,train
4703,OCNT-2395598,16,validation
4704,OCNT-2395599,223,train
4705,OCNT-2395600,222,train
4706,OCNT-2395601,221,test
4707,OCNT-2395602,16,validation
4708,OCNT-2395603,220,train
4709,OCNT-2395604,219,train
4710,OCNT-2395605,42,test
4711,OCNT-2395606,41,test
4712,OCNT-2395607,218,validation
4713,OCNT-2395608,217,test
4714,OCNT-2395609,15,test
4715,OCNT-2395610,216,train
4716,OCNT-2395611,1,test
4717,OCNT-2395612,215,test
4718,OCNT-2395613,40,validation
4719,OCNT-2395614,214,test
4720,OCNT-2395615,213,train
4721,OCNT-2395616,212,test
4722,OCNT-2395617,211,train
4723,OCNT-2395618,210,train
4724,OCNT-2395619,13,validation
4725,OCNT-2395620,209,train
4726,OCNT-2395621,208,train
4727,OCNT-2395622,207,train
4728,OCNT-2395623,206,train
4729,OCNT-2395624,205,test
4730,OCNT-2395625,204,validation
4731,OCNT-2395626,203,train
4732,OCNT-2395627,202,train
4733,OCNT-2395628,39,validation
4734,OCNT-2395629,201,train
4735,OCNT-2395630,200,train
4736,OCNT-2395631,199,train
4737,OCNT-2395632,198,train
4738,OCNT-2395633,197,validation
4739,OCNT-2395634,14,test
4740,OCNT-2395635,196,train
4741,OCNT-2395636,21,validation
4742,OCNT-2395637,195,train
4743,OCNT-2395638,194,train
4744,OCNT-2395639,193,train
4745,OCNT-2395640,192,train
4746,OCNT-2395641,4,test
4747,OCNT-2395642,191,train
4748,OCNT-2395643,190,train
4749,OCNT-2395644,28,validation
4750,OCNT-2395645,9,test
4751,OCNT-2395646,189,train
4752,OCNT-2395647,188,test
4753,OCNT-2395648,7,test
4754,OCNT-2395649,187,validation
4755,OCNT-2395650,186,train
4756,OCNT-2395651,185,train
4757,OCNT-2395652,184,train
4758,OCNT-2395653,183,train
4759,OCNT-2395654,182,train
4760,OCNT-2395655,35,test
4761,OCNT-2395656,181,train
4762,OCNT-2395657,38,test
4763,OCNT-2395658,180,train
4764,OCNT-2395659,179,train
4765,OCNT-2395660,13,validation
4766,OCNT-2395661,178,train
4767,OCNT-2395662,177,train
4768,OCNT-2395663,176,train
4769,OCNT-2395664,175,train
4770,OCNT-2395665,174,train
4771,OCNT-2395666,173,train
4772,OCNT-2395667,172,validation
4773,OCNT-2395668,37,test
4774,OCNT-2395669,171,train
4775,OCNT-2395670,170,train
4776,OCNT-2395671,169,train
4777,OCNT-2395672,17,validation
4778,OCNT-2395673,36,validation
4779,OCNT-2395674,7,test
4780,OCNT-2395675,36,validation
4781,OCNT-2395676,168,train
4782,OCNT-2395677,167,train
4783,OCNT-2395678,19,test
4784,OCNT-2395679,166,train
4785,OCNT-2395680,165,train
4786,OCNT-2395681,164,train
4787,OCNT-2395682,163,train
4788,OCNT-2395683,162,train
4789,OCNT-2395684,0,validation
4790,OCNT-2395685,161,train
4791,OCNT-2395686,9,test
4792,OCNT-2395687,160,train
4793,OCNT-2395688,159,train
4794,OCNT-2395689,158,train
4795,OCNT-2395690,11,test
4796,OCNT-2395691,157,validation
4797,OCNT-2395692,6,validation
4798,OCNT-2395693,156,train
4799,OCNT-2395694,155,train
4800,OCNT-2395695,154,train
4801,OCNT-2395696,153,train
4802,OCNT-2395697,152,train
4803,OCNT-2395698,151,train
4804,OCNT-2395699,150,train
4805,OCNT-2395700,149,train
4806,OCNT-2395701,148,train
4807,OCNT-2395702,147,validation
4808,OCNT-2395703,35,test
4809,OCNT-2395704,146,validation
4810,OCNT-2395705,34,validation
4811,OCNT-2395706,145,train
4812,OCNT-2395707,144,train
4813,OCNT-2395708,143,train
4814,OCNT-2395709,142,validation
4815,OCNT-2395710,141,train
4816,OCNT-2395711,140,validation
4817,OCNT-2395712,139,validation
4818,OCNT-2395713,33,test
4819,OCNT-2395714,138,train
4820,OCNT-2395715,137,train
4821,OCNT-2395716,136,train
4822,OCNT-2395717,135,train
4823,OCNT-2395718,134,train
4824,OCNT-2395719,19,test
4825,OCNT-2395720,133,train
4826,OCNT-2395721,132,train
4827,OCNT-2395722,2,validation
4828,OCNT-2395723,131,train
4829,OCNT-2395724,2,validation
4830,OCNT-2395725,130,train
4831,OCNT-2395726,129,train
4832,OCNT-2395727,128,train
4833,OCNT-2395728,2,validation
4834,OCNT-2395729,127,train
4835,OCNT-2395730,126,validation
4836,OCNT-2395731,125,train
4837,OCNT-2395732,124,train
4838,OCNT-2395733,123,train
4839,OCNT-2395734,3,test
4840,OCNT-2395735,122,train
4841,OCNT-2395736,121,train
4842,OCNT-2395737,120,train
4843,OCNT-2395738,119,train
4844,OCNT-2395739,1,test
4845,OCNT-2395740,118,validation
4846,OCNT-2395741,117,train
4847,OCNT-2395742,116,train
4848,OCNT-2395743,115,train
4849,OCNT-2395744,114,train
4850,OCNT-2395745,113,train
4851,OCNT-2395746,112,train
4852,OCNT-2395747,111,train
4853,OCNT-2395748,110,train
4854,OCNT-2395749,12,test
4855,OCNT-2395750,109,train
4856,OCNT-2395751,108,test
4857,OCNT-2395752,107,train
4858,OCNT-2395753,106,train
4859,OCNT-2395754,105,train
4860,OCNT-2395755,104,train
4861,OCNT-2395756,103,train
4862,OCNT-2395757,102,validation
4863,OCNT-2395758,11,test
4864,OCNT-2395759,10,test
4865,OCNT-2395760,101,validation
4866,OCNT-2395761,22,test
4867,OCNT-2395762,100,train
4868,OCNT-2395763,5,validation
4869,OCNT-2395764,32,validation
4870,OCNT-2395765,99,validation
4871,OCNT-2395766,21,validation
4872,OCNT-2395767,98,train
4873,OCNT-2395768,97,train
4874,OCNT-2395769,96,test
4875,OCNT-2395770,95,validation
4876,OCNT-2395771,94,train
4877,OCNT-2395772,93,train
4878,OCNT-2395773,92,train
4879,OCNT-2395774,91,test
4880,OCNT-2395775,90,train
4881,OCNT-2395776,89,train
4882,OCNT-2395777,88,train
4883,OCNT-2395778,87,train
4884,OCNT-2395779,86,train
4885,OCNT-2395780,85,validation
4886,OCNT-2395781,84,train
4887,OCNT-2395782,83,train
4888,OCNT-2395783,82,train
4889,OCNT-2395784,24,test
4890,OCNT-2395785,81,train
4891,OCNT-2395786,80,train
4892,OCNT-2395787,79,train
4893,OCNT-2395788,28,validation
4894,OCNT-2395789,31,validation
4895,OCNT-2395790,78,test
4896,OCNT-2395791,77,test
4897,OCNT-2395792,9,test
4898,OCNT-2395793,76,validation
4899,OCNT-2395794,75,train
4900,OCNT-2395795,74,train
4901,OCNT-2395796,73,train
4902,OCNT-2395797,72,train
4903,OCNT-2395798,71,train
4904,OCNT-2395799,23,validation
