Molecule_Name,cluster_id,split
OCNT-0000422,4788,train
OCNT-0001882,4787,train
OCNT-0007477,4786,test
OCNT-0010068,4785,train
OCNT-0014841,4784,train
OCNT-0018684,4783,train
OCNT-0020887,4782,train
OCNT-0021749,4781,train
OCNT-0021943,4780,train
OCNT-0021946,4779,train
OCNT-0022006,4778,train
OCNT-0022012,4777,validation
OCNT-0022066,4776,train
OCNT-0022107,4775,validation
OCNT-0022119,29,validation
OCNT-0022125,4774,test
OCNT-0022126,4773,test
OCNT-0022127,4772,train
OCNT-0022128,4771,train
OCNT-0022129,4770,train
OCNT-0022130,4769,validation
OCNT-0022137,4768,test
OCNT-0022139,70,validation
OCNT-0022141,4767,train
OCNT-0022142,4766,train
OCNT-0022215,4765,train
OCNT-0022234,4764,test
OCNT-0022235,4763,train
OCNT-0022237,4762,validation
OCNT-0022246,29,validation
OCNT-0022254,30,test
OCNT-0022266,4761,test
OCNT-0022267,30,test
OCNT-0022268,4760,train
OCNT-0022269,4759,train
OCNT-0022271,4758,test
OCNT-0022281,4757,train
OCNT-0022288,29,validation
OCNT-0022291,4756,train
OCNT-0022294,30,test
OCNT-0022297,4755,train
OCNT-0022301,4754,validation
OCNT-0022303,70,validation
OCNT-0022314,4753,validation
OCNT-0022315,4752,validation
OCNT-0022316,4751,train
OCNT-0022317,4750,train
OCNT-0200796,4749,train
OCNT-0200803,4748,train
OCNT-0283087,4747,train
OCNT-0294781,4746,train
OCNT-0319465,4745,validation
OCNT-0381046,4744,train
OCNT-0436875,4743,test
OCNT-0476452,4742,train
OCNT-0476550,4741,train
OCNT-0476578,4740,train
OCNT-0476778,4739,train
OCNT-0477348,4738,train
OCNT-0477587,4737,validation
OCNT-0478484,4736,test
OCNT-0478539,4735,validation
OCNT-0478585,4734,test
OCNT-0481618,4733,test
OCNT-0483290,4732,train
OCNT-0483502,4731,train
OCNT-0483505,4730,train
OCNT-0492202,4729,train
OCNT-0492977,4728,test
OCNT-0493312,4727,train
OCNT-0493346,4726,train
OCNT-0493664,4725,train
OCNT-0493764,4724,train
OCNT-0493767,56,validation
OCNT-0493792,4723,train
OCNT-0493842,4722,train
OCNT-0493904,4721,train
OCNT-0493927,4720,train
OCNT-0493940,4719,test
OCNT-0493951,4718,test
OCNT-0493990,4717,train
OCNT-0494012,4716,train
OCNT-0494023,4715,train
OCNT-0494025,4714,train
OCNT-0494084,4713,train
OCNT-0494105,4712,train
OCNT-0494110,4711,test
OCNT-0494139,4710,train
OCNT-0494160,4709,train
OCNT-0494161,68,validation
OCNT-0494162,4708,train
OCNT-0494164,4707,train
OCNT-0494166,4706,train
OCNT-0494195,4705,test
OCNT-0494205,4704,train
OCNT-0494638,4703,train
OCNT-0494698,4702,validation
OCNT-0494717,4701,validation
OCNT-0494811,4700,train
OCNT-0495039,4699,train
OCNT-0495153,4698,train
OCNT-0495157,4697,validation
OCNT-0495189,62,validation
OCNT-0495216,4696,train
OCNT-0495275,4695,train
OCNT-0495277,4694,train
OCNT-0495303,60,validation
OCNT-0495340,4693,train
OCNT-0495493,4692,train
OCNT-0495620,4691,test
OCNT-0495682,26,test
OCNT-0496415,4690,train
OCNT-0496475,4689,train
OCNT-0496647,4688,validation
OCNT-0497719,4687,train
OCNT-0497724,4686,train
OCNT-0497798,4685,train
OCNT-0497847,4684,train
OCNT-0497901,4683,train
OCNT-0497926,4682,train
OCNT-0497934,4681,train
OCNT-0497946,4680,test
OCNT-0497954,4679,validation
OCNT-0497979,4678,train
OCNT-0497983,4677,train
OCNT-0497986,4676,train
OCNT-0497989,4675,train
OCNT-0497994,4674,train
OCNT-0498014,69,test
OCNT-0498030,4673,train
OCNT-0498036,4672,train
OCNT-0498042,4671,test
OCNT-0498064,4670,train
OCNT-0498067,4669,train
OCNT-0498090,69,test
OCNT-0498121,4668,train
OCNT-0498125,4667,train
OCNT-0498126,4666,train
OCNT-0498127,58,validation
OCNT-0498160,4665,validation
OCNT-0498430,4664,train
OCNT-0713834,4663,train
OCNT-0713835,4662,train
OCNT-1083122,4661,test
OCNT-1411118,4660,train
OCNT-1685194,4659,train
OCNT-1755345,4658,train
OCNT-1755349,4657,train
OCNT-1871132,4656,validation
OCNT-1893991,4655,train
OCNT-1893994,8,test
OCNT-1893998,4654,train
OCNT-1911794,68,validation
OCNT-1911799,4653,test
OCNT-1911800,4652,train
OCNT-1965886,4651,train
OCNT-1965934,8,test
OCNT-1965960,8,test
OCNT-2077048,4650,train
OCNT-2127780,63,test
OCNT-2308460,4649,validation
OCNT-2308462,4648,train
OCNT-2308464,4647,test
OCNT-2308465,4646,train
OCNT-2308466,4645,train
OCNT-2308468,4644,validation
OCNT-2308470,4643,train
OCNT-2308473,4642,train
OCNT-2308474,4641,test
OCNT-2308475,4640,train
OCNT-2308476,4639,train
OCNT-2308478,4638,train
OCNT-2308479,4637,validation
OCNT-2308483,4636,test
OCNT-2308492,4635,train
OCNT-2308494,4634,train
OCNT-2308499,4633,train
OCNT-2308501,4632,train
OCNT-2308502,4631,train
OCNT-2308504,4630,train
OCNT-2308506,4629,train
OCNT-2308508,4628,train
OCNT-2308510,4627,train
OCNT-2308511,4626,train
OCNT-2308512,4625,train
OCNT-2308515,4624,train
OCNT-2308519,4623,train
OCNT-2308520,4622,test
OCNT-2308522,4621,train
OCNT-2308523,4620,test
OCNT-2308526,4619,train
OCNT-2308529,4618,test
OCNT-2308531,4617,train
OCNT-2308536,4616,train
OCNT-2308537,4615,test
OCNT-2308539,4614,test
OCNT-2308543,4613,train
OCNT-2308546,4612,test
OCNT-2308550,4611,train
OCNT-2308553,4610,validation
OCNT-2308554,4609,train
OCNT-2308556,4608,train
OCNT-2308557,4607,train
OCNT-2308560,4606,train
OCNT-2308562,4605,train
OCNT-2308571,4604,train
OCNT-2308576,4603,train
OCNT-2308578,4602,train
OCNT-2308583,4601,train
OCNT-2308584,4600,validation
OCNT-2308585,4599,train
OCNT-2308588,4598,train
OCNT-2308589,4597,train
OCNT-2308592,4596,validation
OCNT-2308594,4595,train
OCNT-2308597,4594,train
OCNT-2308599,4593,test
OCNT-2308600,4592,train
OCNT-2308601,4591,train
OCNT-2308603,4590,validation
OCNT-2308604,4589,validation
OCNT-2308605,4588,train
OCNT-2308609,4587,train
OCNT-2308610,4586,train
OCNT-2308613,4585,test
OCNT-2308614,4584,train
OCNT-2308619,4583,train
OCNT-2308624,4582,train
OCNT-2308626,4581,train
OCNT-2308630,4580,train
OCNT-2308632,4579,train
OCNT-2308635,4578,validation
OCNT-2308638,4577,train
OCNT-2308640,4576,train
OCNT-2308641,4575,train
OCNT-2308645,4574,train
OCNT-2308646,4573,validation
OCNT-2308647,4572,train
OCNT-2308649,4571,train
OCNT-2308656,4570,validation
OCNT-2308660,4569,train
OCNT-2308661,4568,validation
OCNT-2308664,4567,validation
OCNT-2308666,4566,train
OCNT-2308667,4565,test
OCNT-2308674,4564,train
OCNT-2308676,4563,validation
OCNT-2308680,4562,train
OCNT-2308682,4561,train
OCNT-2308683,4560,validation
OCNT-2308684,4559,train
OCNT-2308687,4558,validation
OCNT-2308689,4557,train
OCNT-2308690,4556,train
OCNT-2308693,4555,train
OCNT-2308695,4554,train
OCNT-2308698,4553,train
OCNT-2308706,4552,train
OCNT-2308707,4551,train
OCNT-2308709,4550,train
OCNT-2308710,4549,validation
OCNT-2308711,4548,train
OCNT-2308715,4547,test
OCNT-2308723,4546,train
OCNT-2308724,4545,train
OCNT-2308733,4544,train
OCNT-2308739,4543,test
OCNT-2308740,4542,train
OCNT-2308744,4541,train
OCNT-2308747,4540,train
OCNT-2308748,4539,train
OCNT-2308752,4538,test
OCNT-2308758,4537,train
OCNT-2308759,4536,train
OCNT-2308760,4535,train
OCNT-2308762,4534,train
OCNT-2308763,4533,train
OCNT-2308765,4532,test
OCNT-2308766,4531,validation
OCNT-2308768,4530,test
OCNT-2308772,4529,train
OCNT-2308773,4528,train
OCNT-2308774,4527,train
OCNT-2308775,4526,test
OCNT-2308782,4525,train
OCNT-2308783,4524,train
OCNT-2308786,4523,test
OCNT-2308794,4522,test
OCNT-2308798,4521,train
OCNT-2308800,4520,validation
OCNT-2308803,4519,validation
OCNT-2308808,4518,train
OCNT-2308810,4517,test
OCNT-2308811,4516,validation
OCNT-2308814,4515,train
OCNT-2308817,4514,train
OCNT-2308818,4513,train
OCNT-2308821,4512,train
OCNT-2308822,4511,train
OCNT-2308829,4510,train
OCNT-2308832,4509,train
OCNT-2308837,4508,train
OCNT-2308838,4507,train
OCNT-2308839,4506,train
OCNT-2308840,4505,train
OCNT-2308842,4504,train
OCNT-2308847,4503,train
OCNT-2308850,4502,validation
OCNT-2308851,4501,test
OCNT-2308852,4500,test
OCNT-2308854,4499,train
OCNT-2308855,4498,train
OCNT-2308857,4497,validation
OCNT-2308858,4496,test
OCNT-2308859,4495,train
OCNT-2308860,4494,train
OCNT-2308864,4493,train
OCNT-2308865,4492,train
OCNT-2308866,4491,train
OCNT-2308867,4490,validation
OCNT-2308870,4489,train
OCNT-2308871,4488,validation
OCNT-2308872,4487,train
OCNT-2308873,4486,validation
OCNT-2308874,4485,train
OCNT-2308876,4484,train
OCNT-2308879,4483,train
OCNT-2308881,4482,train
OCNT-2308884,4481,validation
OCNT-2308889,4480,train
OCNT-2308890,4479,train
OCNT-2308894,4478,train
OCNT-2308896,4477,train
OCNT-2308899,4476,test
OCNT-2308900,4475,train
OCNT-2308903,4474,test
OCNT-2308905,4473,validation
OCNT-2308908,4472,validation
OCNT-2308914,4471,validation
OCNT-2308915,4470,train
OCNT-2308918,4469,train
OCNT-2308924,4468,train
OCNT-2308925,4467,test
OCNT-2308929,4466,train
OCNT-2308938,4465,train
OCNT-2308941,4464,validation
OCNT-2308944,4463,test
OCNT-2308945,4462,train
OCNT-2308947,4461,train
OCNT-2308949,4460,train
OCNT-2308951,4459,validation
OCNT-2308952,4458,train
OCNT-2308953,4457,train
OCNT-2308954,4456,train
OCNT-2308958,4455,validation
OCNT-2308961,4454,validation
OCNT-2308964,4453,train
OCNT-2308965,4452,validation
OCNT-2308967,4451,train
OCNT-2308968,4450,validation
OCNT-2308971,4449,test
OCNT-2308972,4448,train
OCNT-2308975,4447,train
OCNT-2308982,4446,train
OCNT-2308989,4445,test
OCNT-2308995,4444,train
OCNT-2308997,4443,train
OCNT-2308998,4442,train
OCNT-2309000,4441,train
OCNT-2309001,4440,train
OCNT-2309003,4439,train
OCNT-2309004,4438,train
OCNT-2309005,4437,train
OCNT-2309012,4436,train
OCNT-2309014,4435,validation
OCNT-2309016,4434,train
OCNT-2309019,4433,train
OCNT-2309022,4432,train
OCNT-2309024,4431,train
OCNT-2309025,4430,train
OCNT-2309026,4429,train
OCNT-2309028,4428,train
OCNT-2309034,4427,test
OCNT-2309038,4426,test
OCNT-2309039,4425,train
OCNT-2309040,4424,train
OCNT-2309041,4423,train
OCNT-2309042,4422,train
OCNT-2309054,4421,train
OCNT-2309057,4420,train
OCNT-2309062,4419,train
OCNT-2309065,4418,train
OCNT-2309067,4417,train
OCNT-2309070,4416,train
OCNT-2309071,4415,train
OCNT-2309075,4414,train
OCNT-2309077,4413,validation
OCNT-2309082,4412,test
OCNT-2309084,4411,test
OCNT-2309093,4410,test
OCNT-2309100,4409,test
OCNT-2309101,4408,train
OCNT-2309102,4407,train
OCNT-2309109,4406,train
OCNT-2309110,4405,train
OCNT-2309111,4404,train
OCNT-2309114,4403,train
OCNT-2309115,4402,train
OCNT-2309126,4401,train
OCNT-2309130,4400,train
OCNT-2309134,4399,train
OCNT-2309135,4398,train
OCNT-2309137,4397,train
OCNT-2309138,4396,train
OCNT-2309139,4395,train
OCNT-2309149,4394,train
OCNT-2309151,4393,test
OCNT-2309155,4392,train
OCNT-2309156,4391,validation
OCNT-2309157,4390,train
OCNT-2309158,4389,train
OCNT-2309162,4388,train
OCNT-2309164,4387,test
OCNT-2309172,4386,test
OCNT-2309173,4385,test
OCNT-2309174,4384,train
OCNT-2309175,4383,train
OCNT-2309176,4382,validation
OCNT-2309177,4381,validation
OCNT-2309179,4380,train
OCNT-2309181,4379,train
OCNT-2309184,4378,test
OCNT-2309185,4377,train
OCNT-2309187,4376,train
OCNT-2309190,4375,train
OCNT-2309191,4374,train
OCNT-2309193,4373,train
OCNT-2309194,4372,train
OCNT-2309196,4371,train
OCNT-2309198,4370,train
OCNT-2309200,4369,train
OCNT-2309204,4368,train
OCNT-2309206,4367,train
OCNT-2309207,4366,validation
OCNT-2309209,4365,train
OCNT-2309210,4364,train
OCNT-2309214,4363,train
OCNT-2309221,4362,validation
OCNT-2309225,4361,validation
OCNT-2309229,4360,train
OCNT-2309232,4359,train
OCNT-2309234,4358,train
OCNT-2309238,4357,train
OCNT-2309240,4356,train
OCNT-2309241,4355,test
OCNT-2309242,4354,train
OCNT-2309243,4353,train
OCNT-2309246,4352,test
OCNT-2309248,4351,test
OCNT-2309252,4350,train
OCNT-2309256,4349,train
OCNT-2309262,4348,train
OCNT-2309265,4347,train
OCNT-2309266,4346,train
OCNT-2309268,4345,train
OCNT-2309274,4344,train
OCNT-2309276,4343,train
OCNT-2309277,4342,train
OCNT-2309279,4341,train
OCNT-2309280,4340,train
OCNT-2309284,4339,validation
OCNT-2309286,4338,train
OCNT-2309290,4337,validation
OCNT-2309291,4336,train
OCNT-2309292,4335,test
OCNT-2309293,4334,train
OCNT-2309294,4333,train
OCNT-2309296,4332,train
OCNT-2309299,4331,train
OCNT-2309301,4330,train
OCNT-2309302,4329,train
OCNT-2309303,4328,train
OCNT-2309308,4327,train
OCNT-2309318,4326,test
OCNT-2309319,4325,train
OCNT-2309323,4324,train
OCNT-2309324,4323,train
OCNT-2309325,4322,train
OCNT-2309326,4321,train
OCNT-2309328,4320,train
OCNT-2309333,4319,train
OCNT-2309338,4318,train
OCNT-2309340,4317,train
OCNT-2309342,4316,test
OCNT-2309343,4315,train
OCNT-2309345,4314,train
OCNT-2309346,4313,test
OCNT-2309347,4312,train
OCNT-2309351,4311,train
OCNT-2309355,4310,train
OCNT-2309356,4309,validation
OCNT-2309366,4308,train
OCNT-2309368,4307,train
OCNT-2309371,4306,validation
OCNT-2309372,4305,train
OCNT-2309376,4304,train
OCNT-2309377,4303,validation
OCNT-2309378,4302,train
OCNT-2309379,4301,train
OCNT-2309390,4300,train
OCNT-2309393,4299,train
OCNT-2309395,4298,train
OCNT-2309396,4297,test
OCNT-2309398,4296,validation
OCNT-2309399,4295,validation
OCNT-2309401,4294,train
OCNT-2309402,4293,test
OCNT-2309415,4292,validation
OCNT-2309418,4291,train
OCNT-2309420,4290,train
OCNT-2309424,4289,train
OCNT-2309425,4288,train
OCNT-2309426,4287,test
OCNT-2309429,4286,train
OCNT-2309430,4285,test
OCNT-2309431,4284,train
OCNT-2309433,4283,train
OCNT-2309434,4282,train
OCNT-2309435,4281,train
OCNT-2309439,4280,train
OCNT-2309443,4279,train
OCNT-2309444,4278,validation
OCNT-2309445,4277,train
OCNT-2309447,4276,train
OCNT-2309448,4275,train
OCNT-2309449,4274,train
OCNT-2309451,4273,train
OCNT-2309455,4272,train
OCNT-2309458,4271,train
OCNT-2309459,4270,validation
OCNT-2309461,4269,train
OCNT-2309465,4268,train
OCNT-2309466,4267,validation
OCNT-2309468,4266,train
OCNT-2309469,4265,train
OCNT-2309470,4264,train
OCNT-2309471,4263,train
OCNT-2309476,4262,train
OCNT-2309479,4261,train
OCNT-2309480,4260,test
OCNT-2309483,4259,train
OCNT-2309487,4258,validation
OCNT-2309491,4257,train
OCNT-2309492,4256,train
OCNT-2309495,4255,validation
OCNT-2309498,4254,train
OCNT-2309499,4253,train
OCNT-2309500,4252,train
OCNT-2309501,4251,train
OCNT-2309502,4250,validation
OCNT-2309503,4249,train
OCNT-2309505,4248,train
OCNT-2309506,4247,test
OCNT-2309509,4246,train
OCNT-2309511,4245,train
OCNT-2309515,4244,validation
OCNT-2309518,4243,validation
OCNT-2309520,4242,train
OCNT-2309524,4241,train
OCNT-2309526,4240,train
OCNT-2309527,4239,train
OCNT-2309532,4238,test
OCNT-2309536,4237,train
OCNT-2309539,4236,test
OCNT-2309544,4235,test
OCNT-2309546,4234,train
OCNT-2309549,4233,train
OCNT-2309550,4232,test
OCNT-2309551,4231,train
OCNT-2309554,4230,train
OCNT-2309558,4229,train
OCNT-2309559,4228,train
OCNT-2309560,4227,validation
OCNT-2309565,4226,train
OCNT-2309567,4225,train
OCNT-2309572,4224,test
OCNT-2309576,4223,train
OCNT-2309577,4222,train
OCNT-2309578,4221,train
OCNT-2309581,4220,train
OCNT-2309582,4219,train
OCNT-2309583,4218,train
OCNT-2309586,4217,train
OCNT-2309589,4216,test
OCNT-2309593,4215,test
OCNT-2309595,4214,validation
OCNT-2309596,4213,train
OCNT-2309597,4212,train
OCNT-2309598,4211,test
OCNT-2309599,4210,test
OCNT-2309600,4209,train
OCNT-2309602,4208,test
OCNT-2309603,4207,train
OCNT-2309604,4206,train
OCNT-2309605,4205,train
OCNT-2309606,4204,train
OCNT-2309612,4203,train
OCNT-2309613,4202,test
OCNT-2309614,4201,test
OCNT-2309615,4200,train
OCNT-2309619,4199,train
OCNT-2309623,4198,train
OCNT-2309624,4197,validation
OCNT-2309628,4196,train
OCNT-2309630,4195,train
OCNT-2309634,4194,train
OCNT-2309635,4193,train
OCNT-2309639,4192,train
OCNT-2309641,4191,train
OCNT-2309645,4190,train
OCNT-2309646,4189,train
OCNT-2309655,4188,validation
OCNT-2309657,4187,train
OCNT-2309658,4186,train
OCNT-2309659,4185,train
OCNT-2309661,4184,train
OCNT-2309663,4183,train
OCNT-2309664,4182,train
OCNT-2309665,4181,test
OCNT-2309670,4180,train
OCNT-2309671,4179,train
OCNT-2309676,4178,train
OCNT-2309684,4177,train
OCNT-2309686,4176,test
OCNT-2309687,4175,train
OCNT-2309689,4174,train
OCNT-2309692,4173,train
OCNT-2309695,4172,validation
OCNT-2309696,4171,train
OCNT-2309697,4170,train
OCNT-2309699,4169,train
OCNT-2309702,4168,test
OCNT-2309704,4167,validation
OCNT-2309705,4166,validation
OCNT-2309709,4165,test
OCNT-2309711,4164,validation
OCNT-2309713,4163,train
OCNT-2309715,4162,train
OCNT-2309719,4161,train
OCNT-2309724,4160,train
OCNT-2309728,4159,train
OCNT-2309730,4158,train
OCNT-2309732,4157,train
OCNT-2309734,4156,validation
OCNT-2309736,4155,train
OCNT-2309742,4154,validation
OCNT-2309743,4153,train
OCNT-2309746,4152,train
OCNT-2309747,4151,train
OCNT-2309752,4150,train
OCNT-2309754,4149,train
OCNT-2309755,4148,train
OCNT-2309757,4147,train
OCNT-2309758,4146,train
OCNT-2309762,4145,train
OCNT-2309763,4144,train
OCNT-2309765,4143,train
OCNT-2309767,4142,train
OCNT-2309768,4141,train
OCNT-2309769,4140,train
OCNT-2309776,4139,train
OCNT-2309780,4138,train
OCNT-2309782,4137,train
OCNT-2309787,4136,train
OCNT-2309792,4135,train
OCNT-2309794,4134,train
OCNT-2309800,4133,train
OCNT-2309801,4132,train
OCNT-2309804,4131,validation
OCNT-2309805,4130,train
OCNT-2309806,4129,train
OCNT-2309809,4128,train
OCNT-2309810,4127,train
OCNT-2309811,4126,train
OCNT-2309813,4125,validation
OCNT-2309817,4124,test
OCNT-2309819,4123,train
OCNT-2309829,4122,train
OCNT-2309836,67,test
OCNT-2309840,4121,test
OCNT-2309843,4120,test
OCNT-2309844,4119,train
OCNT-2309845,4118,validation
OCNT-2309846,4117,train
OCNT-2309850,4116,test
OCNT-2309851,4115,train
OCNT-2309854,4114,train
OCNT-2309858,4113,train
OCNT-2309859,4112,train
OCNT-2309860,4111,train
OCNT-2309864,4110,train
OCNT-2309866,67,test
OCNT-2309867,4109,test
OCNT-2309871,4108,train
OCNT-2309873,4107,train
OCNT-2309877,4106,train
OCNT-2309878,4105,test
OCNT-2309879,4104,validation
OCNT-2309880,4103,test
OCNT-2309882,4102,train
OCNT-2309883,4101,train
OCNT-2309885,4100,train
OCNT-2309893,4099,train
OCNT-2309896,4098,train
OCNT-2309897,4097,train
OCNT-2309900,4096,train
OCNT-2309901,4095,train
OCNT-2309902,4094,validation
OCNT-2309905,4093,test
OCNT-2309910,4092,validation
OCNT-2309918,4091,train
OCNT-2309920,4090,train
OCNT-2309922,4089,test
OCNT-2309924,4088,train
OCNT-2309926,4087,train
OCNT-2309929,4086,train
OCNT-2309931,4085,validation
OCNT-2309933,4084,train
OCNT-2309935,4083,train
OCNT-2309936,4082,train
OCNT-2309940,4081,train
OCNT-2309942,4080,train
OCNT-2309948,4079,validation
OCNT-2309950,4078,train
OCNT-2309955,4077,train
OCNT-2309957,4076,train
OCNT-2309961,4075,train
OCNT-2309963,4074,train
OCNT-2309967,4073,train
OCNT-2309973,4072,train
OCNT-2309977,4071,train
OCNT-2309981,4070,train
OCNT-2309987,4069,train
OCNT-2309989,4068,train
OCNT-2309990,4067,validation
OCNT-2309991,4066,validation
OCNT-2309993,4065,validation
OCNT-2309995,4064,train
OCNT-2309997,4063,train
OCNT-2310005,4062,validation
OCNT-2310006,4061,train
OCNT-2310008,4060,train
OCNT-2310010,4059,train
OCNT-2310016,4058,train
OCNT-2310018,4057,train
OCNT-2310019,4056,validation
OCNT-2310021,4055,train
OCNT-2310022,4054,train
OCNT-2310023,4053,test
OCNT-2310024,4052,train
OCNT-2310028,4051,train
OCNT-2310034,4050,validation
OCNT-2310035,4049,train
OCNT-2310036,4048,validation
OCNT-2310041,4047,train
OCNT-2310043,4046,train
OCNT-2310045,4045,train
OCNT-2310046,4044,validation
OCNT-2310050,4043,validation
OCNT-2310052,4042,train
OCNT-2310055,4041,test
OCNT-2310056,4040,train
OCNT-2310059,4039,test
OCNT-2310061,4038,test
OCNT-2310066,4037,train
OCNT-2310067,4036,train
OCNT-2310072,4035,train
OCNT-2310073,4034,train
OCNT-2310076,4033,train
OCNT-2310081,4032,train
OCNT-2310083,4031,train
OCNT-2310084,4030,test
OCNT-2310085,4029,train
OCNT-2310087,4028,train
OCNT-2310088,4027,train
OCNT-2310089,4026,train
OCNT-2310093,4025,validation
OCNT-2310094,4024,train
OCNT-2310095,4023,test
OCNT-2310096,4022,train
OCNT-2310097,4021,train
OCNT-2310098,4020,train
OCNT-2310101,4019,train
OCNT-2310104,4018,test
OCNT-2310110,4017,validation
OCNT-2310114,4016,train
OCNT-2310115,4015,validation
OCNT-2310117,4014,train
OCNT-2310119,4013,train
OCNT-2310120,4012,train
OCNT-2310121,4011,test
OCNT-2310122,4010,test
OCNT-2310123,4009,train
OCNT-2310131,4008,test
OCNT-2310136,4007,train
OCNT-2310137,4006,test
OCNT-2310141,4005,train
OCNT-2310144,4004,train
OCNT-2310149,4003,train
OCNT-2310153,4002,train
OCNT-2310155,4001,train
OCNT-2310156,4000,validation
OCNT-2310157,3999,train
OCNT-2310158,3998,train
OCNT-2310159,3997,train
OCNT-2310161,3996,validation
OCNT-2310163,3995,train
OCNT-2310167,6,validation
OCNT-2310172,3994,test
OCNT-2310174,3993,validation
OCNT-2310175,3992,train
OCNT-2310178,3991,train
OCNT-2310180,3990,train
OCNT-2310181,3989,validation
OCNT-2310182,3988,train
OCNT-2310186,3987,train
OCNT-2310188,3986,train
OCNT-2310191,3985,train
OCNT-2310192,3984,validation
OCNT-2310193,3983,test
OCNT-2310197,3982,test
OCNT-2310199,3981,train
OCNT-2310201,3980,train
OCNT-2310202,3979,train
OCNT-2310207,3978,validation
OCNT-2310210,3977,train
OCNT-2310212,3976,train
OCNT-2310214,3975,test
OCNT-2310216,3974,train
OCNT-2310220,3973,validation
OCNT-2310222,3972,train
OCNT-2310225,3971,train
OCNT-2310227,3970,test
OCNT-2310235,3969,train
OCNT-2310237,3968,train
OCNT-2310240,3967,train
OCNT-2310241,3966,validation
OCNT-2310242,3965,train
OCNT-2310248,3964,train
OCNT-2310249,3963,train
OCNT-2310250,3962,train
OCNT-2310251,3961,train
OCNT-2310252,3960,train
OCNT-2310256,3959,train
OCNT-2310258,3958,validation
OCNT-2310260,3957,train
OCNT-2310261,3956,train
OCNT-2310262,3955,train
OCNT-2310264,3954,train
OCNT-2310265,3953,train
OCNT-2310269,3952,train
OCNT-2310279,3951,train
OCNT-2310283,3950,test
OCNT-2310286,3949,train
OCNT-2310288,3948,train
OCNT-2310289,3947,train
OCNT-2310291,3946,train
OCNT-2310292,3945,train
OCNT-2310298,3944,train
OCNT-2310303,3943,validation
OCNT-2310304,3942,train
OCNT-2310306,3941,train
OCNT-2310310,3940,train
OCNT-2310311,3939,train
OCNT-2310312,3938,train
OCNT-2310316,3937,test
OCNT-2310317,3936,train
OCNT-2310319,3935,train
OCNT-2310322,3934,validation
OCNT-2310323,3933,train
OCNT-2310324,3932,train
OCNT-2310327,3931,train
OCNT-2310332,3930,train
OCNT-2310335,3929,test
OCNT-2310336,3928,train
OCNT-2310337,3927,train
OCNT-2310338,3926,train
OCNT-2310340,3925,train
OCNT-2310341,3924,train
OCNT-2310342,3923,train
OCNT-2310343,3922,train
OCNT-2310344,3921,train
OCNT-2310345,3920,validation
OCNT-2310346,3919,train
OCNT-2310348,3918,test
OCNT-2310349,3917,train
OCNT-2310350,3916,train
OCNT-2310351,3915,train
OCNT-2310353,3914,test
OCNT-2310355,3913,train
OCNT-2310359,3912,train
OCNT-2310365,3911,train
OCNT-2310368,3910,train
OCNT-2310374,3909,train
OCNT-2310376,3908,train
OCNT-2310378,3907,train
OCNT-2310380,3906,train
OCNT-2310383,3905,train
OCNT-2310387,3904,validation
OCNT-2310389,3903,test
OCNT-2310393,3902,test
OCNT-2310396,3901,train
OCNT-2310397,3900,train
OCNT-2310398,3899,train
OCNT-2310401,3898,train
OCNT-2310404,3897,validation
OCNT-2310409,3896,train
OCNT-2310411,3895,test
OCNT-2310412,3894,train
OCNT-2310416,3893,train
OCNT-2310417,3892,train
OCNT-2310418,3891,train
OCNT-2310421,3890,train
OCNT-2310423,3889,train
OCNT-2310427,3888,train
OCNT-2310428,3887,train
OCNT-2310431,3886,train
OCNT-2310432,3885,train
OCNT-2310433,3884,train
OCNT-2310436,3883,train
OCNT-2310437,3882,train
OCNT-2310438,3881,train
OCNT-2310439,3880,train
OCNT-2310440,3879,train
OCNT-2310442,3878,train
OCNT-2310445,3877,train
OCNT-2310447,3876,validation
OCNT-2310448,3875,validation
OCNT-2310449,3874,train
OCNT-2310450,3873,train
OCNT-2310451,3872,train
OCNT-2310452,3871,test
OCNT-2310453,3870,train
OCNT-2310455,3869,train
OCNT-2310458,3868,validation
OCNT-2310461,3867,test
OCNT-2310463,3866,train
OCNT-2310465,3865,train
OCNT-2310469,3864,train
OCNT-2310470,3863,test
OCNT-2310471,3862,validation
OCNT-2310473,3861,train
OCNT-2310478,3860,test
OCNT-2310479,3859,train
OCNT-2310481,3858,train
OCNT-2310482,3857,train
OCNT-2310486,3856,test
OCNT-2310487,3855,train
OCNT-2310488,3854,test
OCNT-2310489,3853,test
OCNT-2310491,3852,train
OCNT-2310492,3851,train
OCNT-2310494,3850,train
OCNT-2310497,3849,test
OCNT-2310498,3848,test
OCNT-2310499,3847,train
OCNT-2310500,3846,train
OCNT-2310506,3845,train
OCNT-2310507,3844,validation
OCNT-2310511,3843,test
OCNT-2310512,3842,validation
OCNT-2310513,3841,train
OCNT-2310514,3840,train
OCNT-2310515,3839,train
OCNT-2310516,3838,train
OCNT-2310518,3837,validation
OCNT-2310519,3836,train
OCNT-2310522,3835,test
OCNT-2310525,3834,train
OCNT-2310526,3833,train
OCNT-2310527,3832,train
OCNT-2310528,3831,train
OCNT-2310532,3830,validation
OCNT-2310534,3829,train
OCNT-2310539,3828,train
OCNT-2310546,3827,train
OCNT-2310549,3826,train
OCNT-2310551,3825,test
OCNT-2310555,3824,test
OCNT-2310560,3823,train
OCNT-2310562,3822,train
OCNT-2310565,3821,train
OCNT-2310566,3820,test
OCNT-2310569,3819,train
OCNT-2310576,3818,train
OCNT-2310579,3817,train
OCNT-2310580,3816,train
OCNT-2310581,3815,test
OCNT-2310583,3814,train
OCNT-2310589,3813,test
OCNT-2310597,3812,test
OCNT-2310598,3811,train
OCNT-2310599,3810,train
OCNT-2310600,3809,train
OCNT-2310603,3808,train
OCNT-2310605,3807,train
OCNT-2310606,3806,train
OCNT-2310610,3805,validation
OCNT-2310611,3804,train
OCNT-2310612,3803,train
OCNT-2310613,3802,train
OCNT-2310615,3801,train
OCNT-2310620,3800,test
OCNT-2310621,3799,train
OCNT-2310624,3798,train
OCNT-2310626,3797,train
OCNT-2310627,3796,train
OCNT-2310629,3795,train
OCNT-2310630,3794,train
OCNT-2310632,3793,validation
OCNT-2310634,3792,test
OCNT-2310635,3791,test
OCNT-2310637,3790,train
OCNT-2310639,3789,train
OCNT-2310640,3788,train
OCNT-2310641,3787,train
OCNT-2310643,3786,train
OCNT-2310648,3785,validation
OCNT-2310650,3784,train
OCNT-2310653,3783,train
OCNT-2310655,3782,train
OCNT-2310657,3781,train
OCNT-2310658,3780,train
OCNT-2310662,3779,train
OCNT-2310664,3778,train
OCNT-2310665,3777,train
OCNT-2310667,3776,train
OCNT-2310670,3775,train
OCNT-2310673,3774,train
OCNT-2310674,3773,train
OCNT-2310677,3772,train
OCNT-2310680,3771,test
OCNT-2310682,3770,train
OCNT-2310684,3769,train
OCNT-2310685,3768,train
OCNT-2310686,3767,train
OCNT-2310689,3766,test
OCNT-2310690,3765,train
OCNT-2310692,3764,train
OCNT-2310693,3763,train
OCNT-2310696,3762,test
OCNT-2310697,3761,train
OCNT-2310698,3760,validation
OCNT-2310699,3759,validation
OCNT-2310706,3758,train
OCNT-2310707,3757,train
OCNT-2310716,3756,validation
OCNT-2310717,3755,train
OCNT-2310721,3754,train
OCNT-2310722,3753,train
OCNT-2310724,3752,train
OCNT-2310726,3751,train
OCNT-2310727,3750,train
OCNT-2310728,3749,train
OCNT-2310732,3748,validation
OCNT-2310733,3747,train
OCNT-2310735,3746,train
OCNT-2310736,3745,train
OCNT-2310737,3744,train
OCNT-2310740,3743,test
OCNT-2310742,3742,train
OCNT-2310745,3741,train
OCNT-2310746,3740,train
OCNT-2310747,3739,train
OCNT-2310751,3738,train
OCNT-2310755,3737,train
OCNT-2310757,3736,validation
OCNT-2310758,3735,train
OCNT-2310759,3734,test
OCNT-2310760,3733,train
OCNT-2310763,3732,train
OCNT-2310764,3731,train
OCNT-2310770,3730,train
OCNT-2310776,3729,train
OCNT-2310779,3728,train
OCNT-2310782,3727,train
OCNT-2310785,3726,train
OCNT-2310791,3725,train
OCNT-2310795,3724,train
OCNT-2310796,3723,train
OCNT-2310797,3722,validation
OCNT-2310798,3721,train
OCNT-2310801,3720,test
OCNT-2310802,3719,train
OCNT-2310804,3718,test
OCNT-2310808,3717,train
OCNT-2310809,3716,validation
OCNT-2310813,3715,train
OCNT-2310815,3714,train
OCNT-2310816,3713,train
OCNT-2310817,3712,validation
OCNT-2310822,3711,train
OCNT-2310823,3710,train
OCNT-2310824,3709,train
OCNT-2310825,3708,validation
OCNT-2310826,3707,train
OCNT-2310827,3706,test
OCNT-2310828,3705,train
OCNT-2310829,3704,train
OCNT-2310830,3703,test
OCNT-2310831,3702,train
OCNT-2310833,3701,validation
OCNT-2310834,3700,train
OCNT-2310835,3699,train
OCNT-2310837,3698,train
OCNT-2310839,3697,train
OCNT-2310840,3696,train
OCNT-2310843,3695,train
OCNT-2310845,3694,train
OCNT-2310846,3693,train
OCNT-2310851,3692,train
OCNT-2310852,3691,test
OCNT-2310853,3690,train
OCNT-2310854,3689,train
OCNT-2310856,3688,train
OCNT-2310858,3687,test
OCNT-2310859,3686,validation
OCNT-2310861,3685,test
OCNT-2310864,3684,validation
OCNT-2310867,3683,test
OCNT-2310868,3682,train
OCNT-2310871,3681,validation
OCNT-2310873,3680,test
OCNT-2310875,3679,train
OCNT-2310878,3678,train
OCNT-2310880,3677,train
OCNT-2310884,3676,train
OCNT-2310885,3675,train
OCNT-2310886,3674,validation
OCNT-2310888,3673,train
OCNT-2310890,3672,validation
OCNT-2310893,3671,validation
OCNT-2310899,3670,train
OCNT-2310900,3669,test
OCNT-2310901,3668,train
OCNT-2310904,3667,train
OCNT-2310905,3666,validation
OCNT-2310907,3665,train
OCNT-2310909,3664,validation
OCNT-2310910,3663,test
OCNT-2310911,3662,train
OCNT-2310913,3661,train
OCNT-2310916,3660,train
OCNT-2310917,3659,train
OCNT-2310919,3658,validation
OCNT-2310920,3657,train
OCNT-2310923,3656,train
OCNT-2310924,3655,train
OCNT-2310925,3654,train
OCNT-2310927,3653,train
OCNT-2310928,3652,train
OCNT-2310932,3651,train
OCNT-2310935,3650,train
OCNT-2310937,3649,train
OCNT-2310939,3648,train
OCNT-2310941,3647,train
OCNT-2310942,3646,train
OCNT-2310944,3645,test
OCNT-2310945,3644,train
OCNT-2310946,3643,train
OCNT-2310948,3642,test
OCNT-2310949,3641,train
OCNT-2310952,3640,train
OCNT-2310953,3639,train
OCNT-2310955,3638,train
OCNT-2310956,3637,validation
OCNT-2310958,3636,validation
OCNT-2310962,3635,validation
OCNT-2310963,3634,train
OCNT-2310967,3633,train
OCNT-2310968,3632,train
OCNT-2310969,3631,train
OCNT-2310970,3630,validation
OCNT-2310971,3629,train
OCNT-2310974,3628,train
OCNT-2310977,3627,train
OCNT-2310978,3626,train
OCNT-2310979,3625,train
OCNT-2310980,3624,train
OCNT-2310981,3623,train
OCNT-2310983,3622,train
OCNT-2310986,3621,train
OCNT-2310987,3620,train
OCNT-2310988,3619,train
OCNT-2310989,3618,train
OCNT-2310993,3617,validation
OCNT-2310994,3616,train
OCNT-2310997,3615,train
OCNT-2311003,3614,train
OCNT-2311004,3613,validation
OCNT-2311009,3612,test
OCNT-2311010,3611,train
OCNT-2311014,3610,validation
OCNT-2311016,3609,test
OCNT-2311017,3608,train
OCNT-2311018,3607,train
OCNT-2311020,3606,train
OCNT-2311021,3605,train
OCNT-2311024,3604,train
OCNT-2311028,3603,test
OCNT-2311030,3602,train
OCNT-2311031,3601,test
OCNT-2311032,3600,validation
OCNT-2311034,3599,test
OCNT-2311042,3598,train
OCNT-2311050,3597,test
OCNT-2311052,3596,test
OCNT-2311053,3595,validation
OCNT-2311055,3594,train
OCNT-2311058,3593,validation
OCNT-2311059,3592,train
OCNT-2311060,3591,test
OCNT-2311061,3590,validation
OCNT-2311064,3589,train
OCNT-2311070,3588,train
OCNT-2311071,3587,train
OCNT-2311072,3586,train
OCNT-2311074,3585,train
OCNT-2311075,3584,train
OCNT-2311081,3583,train
OCNT-2311083,3582,train
OCNT-2311086,3581,train
OCNT-2311087,3580,train
OCNT-2311088,3579,validation
OCNT-2311090,3578,train
OCNT-2311091,3577,train
OCNT-2311092,3576,validation
OCNT-2311094,3575,train
OCNT-2311095,3574,train
OCNT-2311097,3573,train
OCNT-2311100,3572,train
OCNT-2311101,3571,train
OCNT-2311102,3570,train
OCNT-2311105,3569,train
OCNT-2311106,3568,train
OCNT-2311107,3567,train
OCNT-2311111,3566,train
OCNT-2311113,3565,train
OCNT-2311117,3564,train
OCNT-2311121,3563,validation
OCNT-2311123,3562,validation
OCNT-2311128,3561,validation
OCNT-2311132,3560,train
OCNT-2311133,3559,validation
OCNT-2311134,3558,train
OCNT-2311135,3557,train
OCNT-2311136,3556,train
OCNT-2311138,3555,train
OCNT-2311145,3554,train
OCNT-2311147,3553,validation
OCNT-2311148,3552,train
OCNT-2311150,3551,train
OCNT-2311152,3550,test
OCNT-2311154,3549,train
OCNT-2311155,3548,validation
OCNT-2311159,3547,validation
OCNT-2311160,3546,train
OCNT-2311162,3545,train
OCNT-2311164,3544,train
OCNT-2311166,3543,test
OCNT-2311175,3542,train
OCNT-2311178,3541,validation
OCNT-2311179,3540,test
OCNT-2311180,3539,train
OCNT-2311182,3538,train
OCNT-2311185,3537,train
OCNT-2311187,28,validation
OCNT-2311191,3536,train
OCNT-2311194,3535,train
OCNT-2311197,3534,train
OCNT-2311199,3533,validation
OCNT-2311200,3532,test
OCNT-2311202,3531,train
OCNT-2311203,3530,test
OCNT-2311204,3529,test
OCNT-2311205,3528,test
OCNT-2311206,3527,train
OCNT-2311212,3526,train
OCNT-2311213,3525,train
OCNT-2311215,3524,train
OCNT-2311219,3523,train
OCNT-2311220,3522,train
OCNT-2311222,3521,train
OCNT-2311225,3520,train
OCNT-2311229,3519,train
OCNT-2311231,3518,test
OCNT-2311233,3517,train
OCNT-2311234,3516,train
OCNT-2311235,3515,train
OCNT-2311239,3514,train
OCNT-2311240,3513,train
OCNT-2311245,3512,validation
OCNT-2311249,3511,train
OCNT-2311250,3510,train
OCNT-2311251,3509,validation
OCNT-2311252,3508,train
OCNT-2311253,3507,train
OCNT-2311255,3506,train
OCNT-2311256,3505,test
OCNT-2311259,3504,train
OCNT-2311260,3503,validation
OCNT-2311263,3502,validation
OCNT-2311264,3501,train
OCNT-2311268,3500,train
OCNT-2311278,3499,test
OCNT-2311279,3498,train
OCNT-2311281,3497,test
OCNT-2311282,3496,train
OCNT-2311283,3495,train
OCNT-2311287,3494,test
OCNT-2311289,3493,train
OCNT-2311291,3492,train
OCNT-2311293,3491,train
OCNT-2311294,3490,train
OCNT-2311299,3489,test
OCNT-2311302,3488,train
OCNT-2311303,3487,validation
OCNT-2311306,3486,train
OCNT-2311309,3485,train
OCNT-2311310,3484,train
OCNT-2311311,3483,train
OCNT-2311312,3482,validation
OCNT-2311313,3481,train
OCNT-2311316,3480,train
OCNT-2311317,3479,train
OCNT-2311320,3478,validation
OCNT-2311325,3477,test
OCNT-2311328,3476,train
OCNT-2311331,3475,train
OCNT-2311335,3474,train
OCNT-2311336,3473,train
OCNT-2311337,3472,train
OCNT-2311338,3471,train
OCNT-2311340,3470,train
OCNT-2311343,3469,train
OCNT-2311344,3468,train
OCNT-2311351,3467,validation
OCNT-2311357,3466,train
OCNT-2311370,3465,train
OCNT-2311372,3464,test
OCNT-2311376,3463,validation
OCNT-2311379,3462,train
OCNT-2311380,3461,train
OCNT-2311381,3460,train
OCNT-2311382,3459,train
OCNT-2311387,3458,train
OCNT-2311391,3457,train
OCNT-2311392,3456,train
OCNT-2311393,3455,test
OCNT-2311397,3454,train
OCNT-2311399,3453,validation
OCNT-2311402,3452,test
OCNT-2311403,3451,train
OCNT-2311405,3450,train
OCNT-2311413,3449,train
OCNT-2311414,3448,train
OCNT-2311419,3447,train
OCNT-2311427,3446,train
OCNT-2311435,3445,train
OCNT-2311436,3444,train
OCNT-2311437,3443,test
OCNT-2311438,3442,validation
OCNT-2311440,3441,train
OCNT-2311447,3440,train
OCNT-2311450,3439,train
OCNT-2311453,3438,test
OCNT-2311457,3437,train
OCNT-2311461,3436,test
OCNT-2311462,3435,train
OCNT-2311473,3434,train
OCNT-2311474,3433,train
OCNT-2311478,3432,validation
OCNT-2311479,3431,train
OCNT-2311487,3430,train
OCNT-2311488,3429,train
OCNT-2311489,3428,train
OCNT-2311490,3427,train
OCNT-2311493,3426,train
OCNT-2311498,3425,train
OCNT-2311500,3424,train
OCNT-2311501,3423,train
OCNT-2311502,3422,train
OCNT-2311507,3421,train
OCNT-2311508,3420,train
OCNT-2311511,3419,validation
OCNT-2311515,3418,train
OCNT-2311516,3417,validation
OCNT-2311517,3416,train
OCNT-2311523,3415,test
OCNT-2311525,3414,train
OCNT-2311532,3413,validation
OCNT-2311533,3412,train
OCNT-2311534,3411,train
OCNT-2311537,3410,train
OCNT-2311540,3409,train
OCNT-2311542,3408,train
OCNT-2311547,3407,validation
OCNT-2311552,3406,train
OCNT-2311554,3405,train
OCNT-2311556,3404,test
OCNT-2311559,3403,train
OCNT-2311562,3402,validation
OCNT-2311565,3401,train
OCNT-2311567,3400,train
OCNT-2311569,3399,test
OCNT-2311571,3398,train
OCNT-2311573,3397,train
OCNT-2311574,3396,validation
OCNT-2311582,3395,test
OCNT-2311588,3394,train
OCNT-2311590,3393,train
OCNT-2311592,3392,train
OCNT-2311596,3391,train
OCNT-2311598,3390,train
OCNT-2311600,3389,train
OCNT-2311602,3388,train
OCNT-2311604,3387,train
OCNT-2311606,3386,test
OCNT-2311610,3385,train
OCNT-2311615,3384,train
OCNT-2311616,3383,train
OCNT-2311617,3382,train
OCNT-2311619,3381,train
OCNT-2311620,3380,train
OCNT-2311621,3379,train
OCNT-2311623,3378,train
OCNT-2311624,3377,test
OCNT-2311626,3376,train
OCNT-2311627,3375,train
OCNT-2311629,3374,validation
OCNT-2311630,3373,train
OCNT-2311633,3372,test
OCNT-2311634,3371,train
OCNT-2311635,3370,train
OCNT-2311636,3369,validation
OCNT-2311637,3368,train
OCNT-2311638,3367,train
OCNT-2311644,3366,train
OCNT-2311651,3365,train
OCNT-2311652,3364,validation
OCNT-2311653,3363,train
OCNT-2311655,3362,train
OCNT-2311656,3361,train
OCNT-2311661,3360,train
OCNT-2311662,3359,train
OCNT-2311663,3358,train
OCNT-2311664,3357,train
OCNT-2311665,3356,train
OCNT-2311669,3355,train
OCNT-2311674,3354,train
OCNT-2311676,3353,train
OCNT-2311678,3352,test
OCNT-2311680,3351,test
OCNT-2311681,3350,test
OCNT-2311682,3349,train
OCNT-2311683,3348,train
OCNT-2311686,3347,train
OCNT-2311687,3346,train
OCNT-2311688,3345,train
OCNT-2311689,3344,train
OCNT-2311697,3343,train
OCNT-2311706,3342,train
OCNT-2311707,3341,train
OCNT-2311708,3340,train
OCNT-2311709,3339,validation
OCNT-2311711,3338,train
OCNT-2311714,3337,train
OCNT-2311721,3336,train
OCNT-2311722,3335,train
OCNT-2311723,3334,train
OCNT-2311724,3333,test
OCNT-2311726,3332,train
OCNT-2311727,3331,train
OCNT-2311728,3330,test
OCNT-2311730,3329,train
OCNT-2311731,3328,train
OCNT-2311732,3327,train
OCNT-2311737,3326,train
OCNT-2311745,3325,train
OCNT-2311748,3324,train
OCNT-2311751,3323,train
OCNT-2311752,3322,train
OCNT-2311754,3321,test
OCNT-2311756,3320,train
OCNT-2311758,3319,train
OCNT-2311760,3318,test
OCNT-2311762,3317,train
OCNT-2311765,3316,train
OCNT-2311766,3315,train
OCNT-2311769,3314,train
OCNT-2311771,3313,train
OCNT-2311773,3312,train
OCNT-2311777,3311,train
OCNT-2311779,3310,train
OCNT-2311780,3309,train
OCNT-2311781,3308,validation
OCNT-2311782,3307,test
OCNT-2311783,3306,train
OCNT-2311786,3305,train
OCNT-2311787,3304,validation
OCNT-2311790,3303,train
OCNT-2311792,3302,train
OCNT-2311794,3301,train
OCNT-2311797,3300,train
OCNT-2311800,3299,test
OCNT-2311801,3298,validation
OCNT-2311802,3297,test
OCNT-2311803,3296,test
OCNT-2311804,3295,train
OCNT-2311805,3294,validation
OCNT-2311806,24,test
OCNT-2311807,3293,train
OCNT-2311808,3292,validation
OCNT-2311815,3291,train
OCNT-2311816,3290,train
OCNT-2311817,3289,train
OCNT-2311818,3288,train
OCNT-2311819,3287,train
OCNT-2311821,3286,test
OCNT-2311822,3285,train
OCNT-2311823,3284,train
OCNT-2311826,3283,test
OCNT-2311829,3282,train
OCNT-2311830,3281,test
OCNT-2311831,3280,train
OCNT-2311832,3279,train
OCNT-2311834,3278,train
OCNT-2311835,3277,train
OCNT-2311839,3276,train
OCNT-2311840,3275,validation
OCNT-2311844,3274,train
OCNT-2311846,3273,train
OCNT-2311849,3272,train
OCNT-2311855,3271,train
OCNT-2311856,3270,test
OCNT-2311862,3269,train
OCNT-2311864,3268,train
OCNT-2311870,3267,train
OCNT-2311871,3266,train
OCNT-2311873,3265,train
OCNT-2311875,3264,validation
OCNT-2311886,3263,validation
OCNT-2311887,3262,train
OCNT-2311888,3261,validation
OCNT-2311889,3260,validation
OCNT-2311890,3259,train
OCNT-2311892,3258,train
OCNT-2311897,3257,train
OCNT-2311899,3256,train
OCNT-2311901,3255,test
OCNT-2311902,3254,train
OCNT-2311905,3253,train
OCNT-2311907,3252,test
OCNT-2311908,3251,train
OCNT-2311909,3250,train
OCNT-2311912,3249,test
OCNT-2311913,3248,train
OCNT-2311914,3247,test
OCNT-2311915,3246,train
OCNT-2311916,3245,train
OCNT-2311918,3244,train
OCNT-2311920,3243,train
OCNT-2311921,3242,test
OCNT-2311925,3241,test
OCNT-2311929,3240,train
OCNT-2311931,3239,train
OCNT-2311934,3238,test
OCNT-2311935,3237,train
OCNT-2311937,3236,train
OCNT-2311938,3235,train
OCNT-2311948,3234,train
OCNT-2311950,3233,train
OCNT-2311955,3232,train
OCNT-2311956,3231,train
OCNT-2311958,3230,train
OCNT-2311961,3229,train
OCNT-2311962,3228,train
OCNT-2311967,3227,train
OCNT-2311971,3226,validation
OCNT-2311975,3225,train
OCNT-2311976,3224,train
OCNT-2311984,3223,train
OCNT-2311985,3222,train
OCNT-2311986,3221,train
OCNT-2311990,3220,train
OCNT-2311993,3219,train
OCNT-2311994,3218,test
OCNT-2311995,3217,train
OCNT-2311997,3216,train
OCNT-2311998,3215,train
OCNT-2312000,3214,train
OCNT-2312002,3213,train
OCNT-2312004,3212,train
OCNT-2312008,3211,train
OCNT-2312009,3210,train
OCNT-2312011,3209,train
OCNT-2312012,3208,train
OCNT-2312014,3207,train
OCNT-2312015,3206,validation
OCNT-2312016,3205,test
OCNT-2312020,3204,train
OCNT-2312021,3203,test
OCNT-2312024,3202,train
OCNT-2312027,3201,train
OCNT-2312029,3200,train
OCNT-2312033,3199,train
OCNT-2312038,3198,train
OCNT-2312041,3197,validation
OCNT-2312044,3196,train
OCNT-2312045,3195,train
OCNT-2312046,3194,train
OCNT-2312047,3193,train
OCNT-2312048,3192,train
OCNT-2312049,3191,train
OCNT-2312053,3190,validation
OCNT-2312054,3189,train
OCNT-2312058,3188,train
OCNT-2312061,3187,validation
OCNT-2312062,3186,train
OCNT-2312063,3185,train
OCNT-2312066,3184,train
OCNT-2312068,3183,train
OCNT-2312069,3182,train
OCNT-2312071,3181,train
OCNT-2312074,3180,train
OCNT-2312078,3179,test
OCNT-2312083,3178,train
OCNT-2312085,3177,train
OCNT-2312087,3176,train
OCNT-2312089,3175,train
OCNT-2312094,3174,train
OCNT-2312095,3173,train
OCNT-2312096,3172,train
OCNT-2312098,3171,train
OCNT-2312099,3170,train
OCNT-2312101,3169,train
OCNT-2312102,3168,train
OCNT-2312103,3167,train
OCNT-2312104,3166,train
OCNT-2312106,3165,train
OCNT-2312107,3164,train
OCNT-2312108,3163,train
OCNT-2312110,3162,train
OCNT-2312113,3161,train
OCNT-2312118,3160,test
OCNT-2312122,3159,test
OCNT-2312131,3158,train
OCNT-2312136,3157,train
OCNT-2312140,3156,train
OCNT-2312144,3155,train
OCNT-2312145,3154,train
OCNT-2312148,3153,train
OCNT-2312150,3152,train
OCNT-2312154,3151,train
OCNT-2312156,3150,train
OCNT-2312161,3149,train
OCNT-2312162,3148,train
OCNT-2312165,3147,train
OCNT-2312168,3146,validation
OCNT-2312173,3145,train
OCNT-2312174,3144,test
OCNT-2312180,3143,train
OCNT-2312189,3142,train
OCNT-2312191,3141,test
OCNT-2312197,3140,train
OCNT-2312204,3139,validation
OCNT-2312206,3138,validation
OCNT-2312208,3137,train
OCNT-2312209,3136,train
OCNT-2312210,3135,test
OCNT-2312211,3134,train
OCNT-2312217,3133,train
OCNT-2312218,3132,train
OCNT-2312222,3131,train
OCNT-2312226,3130,train
OCNT-2312227,3129,train
OCNT-2312229,3128,train
OCNT-2312230,3127,train
OCNT-2312233,3126,train
OCNT-2312235,3125,validation
OCNT-2312236,3124,train
OCNT-2312237,3123,train
OCNT-2312239,3122,train
OCNT-2312240,3121,train
OCNT-2312244,3120,train
OCNT-2312247,3119,validation
OCNT-2312252,3118,train
OCNT-2312258,3117,train
OCNT-2312267,3116,test
OCNT-2312272,3115,train
OCNT-2312277,3114,train
OCNT-2312278,3113,test
OCNT-2312280,3112,train
OCNT-2312281,3111,train
OCNT-2312285,3110,train
OCNT-2312286,3109,train
OCNT-2312288,3108,train
OCNT-2312291,3107,train
OCNT-2312293,3106,test
OCNT-2312299,3105,validation
OCNT-2312301,3104,train
OCNT-2312302,3103,train
OCNT-2312303,3102,train
OCNT-2312305,3101,train
OCNT-2312308,3100,train
OCNT-2312311,3099,test
OCNT-2312312,3098,test
OCNT-2312315,3097,test
OCNT-2312316,3096,train
OCNT-2312317,3095,validation
OCNT-2312322,3094,test
OCNT-2312329,3093,train
OCNT-2312331,3092,train
OCNT-2312333,3091,train
OCNT-2312337,3090,validation
OCNT-2312338,3089,train
OCNT-2312342,3088,train
OCNT-2312348,3087,test
OCNT-2312351,3086,train
OCNT-2312352,3085,train
OCNT-2312354,3084,validation
OCNT-2312355,3083,test
OCNT-2312358,3082,train
OCNT-2312363,3081,train
OCNT-2312364,3080,train
OCNT-2312367,3079,train
OCNT-2312368,3078,train
OCNT-2312372,3077,test
OCNT-2312373,3076,validation
OCNT-2312376,3075,train
OCNT-2312377,3074,train
OCNT-2312382,3073,validation
OCNT-2312384,3072,train
OCNT-2312385,3071,test
OCNT-2312387,3070,train
OCNT-2312388,3069,validation
OCNT-2312389,3068,validation
OCNT-2312392,3067,validation
OCNT-2312394,3066,train
OCNT-2312396,3065,train
OCNT-2312397,3064,train
OCNT-2312400,3063,train
OCNT-2312401,3062,train
OCNT-2312402,3061,train
OCNT-2312403,3060,train
OCNT-2312404,3059,train
OCNT-2312407,3058,train
OCNT-2312409,3057,test
OCNT-2312410,3056,validation
OCNT-2312411,3055,train
OCNT-2312414,3054,test
OCNT-2312415,3053,train
OCNT-2312417,3052,train
OCNT-2312418,3051,test
OCNT-2312420,3050,train
OCNT-2312422,3049,train
OCNT-2312427,3048,train
OCNT-2312429,3047,validation
OCNT-2312433,3046,validation
OCNT-2312434,3045,validation
OCNT-2312435,3044,train
OCNT-2312437,3043,validation
OCNT-2312441,3042,train
OCNT-2312442,3041,train
OCNT-2312443,3040,train
OCNT-2312444,3039,train
OCNT-2312445,3038,validation
OCNT-2312448,3037,train
OCNT-2312449,3036,train
OCNT-2312454,3035,train
OCNT-2312456,3034,train
OCNT-2312460,3033,train
OCNT-2312462,3032,train
OCNT-2312463,3031,train
OCNT-2312465,3030,train
OCNT-2312466,3029,train
OCNT-2312472,3028,train
OCNT-2312476,3027,train
OCNT-2312478,3026,train
OCNT-2312480,3025,test
OCNT-2312481,3024,train
OCNT-2312485,3023,test
OCNT-2312486,3022,train
OCNT-2312493,3021,train
OCNT-2312495,3020,train
OCNT-2312496,3019,train
OCNT-2312497,3018,train
OCNT-2312504,3017,train
OCNT-2312506,3016,train
OCNT-2312510,3015,train
OCNT-2312511,3014,train
OCNT-2312517,3013,train
OCNT-2312522,3012,train
OCNT-2312525,3011,train
OCNT-2312526,3010,train
OCNT-2312527,3009,train
OCNT-2312529,3008,train
OCNT-2312530,3007,train
OCNT-2312537,3006,train
OCNT-2312542,3005,train
OCNT-2312545,3004,train
OCNT-2312546,3003,validation
OCNT-2312554,3002,train
OCNT-2312555,3001,train
OCNT-2312556,3000,validation
OCNT-2312558,2999,train
OCNT-2312559,2998,train
OCNT-2312563,2997,validation
OCNT-2312567,2996,test
OCNT-2312575,2995,train
OCNT-2312581,2994,train
OCNT-2312587,2993,train
OCNT-2312592,2992,train
OCNT-2312594,2991,test
OCNT-2312595,2990,train
OCNT-2312598,2989,test
OCNT-2312600,2988,train
OCNT-2312601,2987,train
OCNT-2312603,2986,train
OCNT-2312604,2985,validation
OCNT-2312606,2984,train
OCNT-2312607,2983,train
OCNT-2312608,2982,train
OCNT-2312610,2981,test
OCNT-2312612,2980,train
OCNT-2312616,2979,train
OCNT-2312617,2978,train
OCNT-2312624,2977,train
OCNT-2312626,2976,test
OCNT-2312630,2975,train
OCNT-2312638,2974,train
OCNT-2312641,2973,train
OCNT-2312650,2972,train
OCNT-2312654,2971,validation
OCNT-2312656,2970,train
OCNT-2312658,2969,train
OCNT-2312659,2968,train
OCNT-2312662,2967,train
OCNT-2312663,2966,train
OCNT-2312668,2965,train
OCNT-2312674,2964,train
OCNT-2312691,2963,train
OCNT-2312697,2962,train
OCNT-2312701,2961,train
OCNT-2312702,2960,test
OCNT-2312704,2959,train
OCNT-2312706,2958,test
OCNT-2312707,2957,train
OCNT-2312712,2956,test
OCNT-2312713,2955,train
OCNT-2312714,2954,validation
OCNT-2312716,2953,train
OCNT-2312719,2952,test
OCNT-2312720,2951,test
OCNT-2312721,2950,train
OCNT-2312722,2949,train
OCNT-2312726,2948,train
OCNT-2312728,2947,train
OCNT-2312729,2946,train
OCNT-2312730,2945,train
OCNT-2312731,2944,test
OCNT-2312732,2943,train
OCNT-2312735,2942,validation
OCNT-2312737,2941,test
OCNT-2312738,2940,train
OCNT-2312740,2939,train
OCNT-2312741,2938,train
OCNT-2312742,2937,train
OCNT-2312743,2936,test
OCNT-2312744,2935,validation
OCNT-2312746,2934,train
OCNT-2312749,2933,train
OCNT-2312754,2932,train
OCNT-2312755,2931,train
OCNT-2312756,2930,train
OCNT-2312757,2929,train
OCNT-2312760,2928,train
OCNT-2312769,2927,train
OCNT-2312771,2926,train
OCNT-2312772,2925,train
OCNT-2312773,2924,test
OCNT-2312776,2923,validation
OCNT-2312779,2922,validation
OCNT-2312780,2921,test
OCNT-2312781,2920,test
OCNT-2312783,2919,train
OCNT-2312787,2918,train
OCNT-2312791,2917,train
OCNT-2312794,2916,test
OCNT-2312795,2915,train
OCNT-2312797,2914,test
OCNT-2312798,2913,test
OCNT-2312800,2912,train
OCNT-2312801,2911,test
OCNT-2312805,2910,test
OCNT-2312807,2909,validation
OCNT-2312808,2908,train
OCNT-2312817,2907,train
OCNT-2312818,2906,train
OCNT-2312822,2905,train
OCNT-2312825,2904,train
OCNT-2312826,2903,train
OCNT-2312830,2902,train
OCNT-2312831,2901,train
OCNT-2312832,2900,train
OCNT-2312833,2899,train
OCNT-2312836,2898,test
OCNT-2312846,2897,train
OCNT-2312847,2896,train
OCNT-2312850,2895,train
OCNT-2312851,2894,validation
OCNT-2312853,2893,train
OCNT-2312856,2892,train
OCNT-2312859,2891,train
OCNT-2312860,2890,train
OCNT-2312862,2889,train
OCNT-2312865,2888,train
OCNT-2312866,2887,test
OCNT-2312868,2886,validation
OCNT-2312870,2885,train
OCNT-2312873,2884,train
OCNT-2312874,2883,train
OCNT-2312880,2882,test
OCNT-2312882,2881,train
OCNT-2312890,2880,validation
OCNT-2312891,2879,train
OCNT-2312892,2878,test
OCNT-2312894,2877,train
OCNT-2312897,2876,train
OCNT-2312900,2875,train
OCNT-2312903,2874,test
OCNT-2312906,2873,train
OCNT-2312913,2872,train
OCNT-2312915,2871,train
OCNT-2312918,2870,test
OCNT-2312921,2869,train
OCNT-2312924,2868,test
OCNT-2312925,2867,train
OCNT-2312929,2866,validation
OCNT-2312931,2865,test
OCNT-2312932,2864,train
OCNT-2312937,2863,train
OCNT-2312941,2862,train
OCNT-2312943,2861,train
OCNT-2312947,2860,train
OCNT-2312951,2859,train
OCNT-2312952,2858,train
OCNT-2312955,2857,train
OCNT-2312958,2856,train
OCNT-2312959,2855,test
OCNT-2312961,2854,validation
OCNT-2312967,2853,validation
OCNT-2312969,2852,train
OCNT-2312971,2851,train
OCNT-2312973,2850,train
OCNT-2312974,2849,validation
OCNT-2312975,2848,train
OCNT-2312980,2847,train
OCNT-2312985,2846,test
OCNT-2312986,2845,train
OCNT-2312987,2844,train
OCNT-2312988,2843,validation
OCNT-2312992,2842,train
OCNT-2312994,2841,train
OCNT-2312995,2840,train
OCNT-2312996,2839,train
OCNT-2312998,2838,train
OCNT-2313003,2837,train
OCNT-2313008,2836,test
OCNT-2313012,2835,train
OCNT-2313013,2834,validation
OCNT-2313014,2833,validation
OCNT-2313018,2832,test
OCNT-2313019,2831,train
OCNT-2313020,2830,train
OCNT-2313023,2829,test
OCNT-2313024,2828,validation
OCNT-2313026,2827,train
OCNT-2313031,2826,test
OCNT-2313032,2825,train
OCNT-2313035,2824,train
OCNT-2313037,2823,validation
OCNT-2313039,2822,validation
OCNT-2313040,2821,train
OCNT-2313041,2820,test
OCNT-2313046,2819,train
OCNT-2313047,2818,validation
OCNT-2313052,2817,train
OCNT-2313053,2816,validation
OCNT-2313054,2815,train
OCNT-2313058,2814,train
OCNT-2313060,2813,train
OCNT-2313062,2812,train
OCNT-2313065,2811,train
OCNT-2313067,2810,train
OCNT-2313078,2809,validation
OCNT-2313080,2808,test
OCNT-2313085,2807,train
OCNT-2313087,2806,train
OCNT-2313088,2805,train
OCNT-2313093,2804,test
OCNT-2313094,2803,train
OCNT-2313096,2802,test
OCNT-2313097,2801,validation
OCNT-2313098,2800,train
OCNT-2313099,2799,validation
OCNT-2313100,2798,train
OCNT-2313101,2797,train
OCNT-2313103,2796,train
OCNT-2313104,2795,train
OCNT-2313105,2794,train
OCNT-2313106,2793,train
OCNT-2313107,2792,train
OCNT-2313108,2791,train
OCNT-2313109,2790,train
OCNT-2313111,2789,train
OCNT-2313113,2788,train
OCNT-2313115,2787,train
OCNT-2313117,2786,test
OCNT-2313118,2785,validation
OCNT-2313119,2784,train
OCNT-2313120,2783,train
OCNT-2313121,2782,train
OCNT-2313122,2781,train
OCNT-2313124,2780,test
OCNT-2313128,2779,train
OCNT-2313133,2778,train
OCNT-2313134,2777,train
OCNT-2313136,2776,train
OCNT-2313141,2775,train
OCNT-2313143,2774,validation
OCNT-2313144,2773,validation
OCNT-2313145,2772,test
OCNT-2313147,2771,train
OCNT-2313151,2770,test
OCNT-2313155,2769,train
OCNT-2313157,2768,train
OCNT-2313159,2767,train
OCNT-2313161,2766,validation
OCNT-2313164,2765,test
OCNT-2313165,2764,train
OCNT-2313173,2763,train
OCNT-2313174,2762,train
OCNT-2313175,2761,train
OCNT-2313177,2760,train
OCNT-2313179,2759,train
OCNT-2313183,2758,train
OCNT-2313184,2757,train
OCNT-2313185,2756,train
OCNT-2313188,2755,train
OCNT-2313192,2754,validation
OCNT-2313193,2753,validation
OCNT-2313195,2752,train
OCNT-2313198,2751,train
OCNT-2313201,2750,test
OCNT-2313203,2749,train
OCNT-2313206,2748,train
OCNT-2313211,2747,train
OCNT-2313213,2746,train
OCNT-2313215,2745,train
OCNT-2313216,2744,test
OCNT-2313217,2743,validation
OCNT-2313219,2742,train
OCNT-2313220,2741,train
OCNT-2313221,2740,train
OCNT-2313224,2739,train
OCNT-2313225,2738,train
OCNT-2313233,2737,train
OCNT-2313234,2736,test
OCNT-2313237,2735,train
OCNT-2313238,2734,train
OCNT-2313239,2733,train
OCNT-2313241,2732,train
OCNT-2313243,2731,test
OCNT-2313248,2730,train
OCNT-2313250,2729,train
OCNT-2313251,2728,train
OCNT-2313254,2727,train
OCNT-2313255,2726,train
OCNT-2313258,2725,train
OCNT-2313260,2724,validation
OCNT-2313267,2723,test
OCNT-2313271,2722,validation
OCNT-2313273,2721,test
OCNT-2313274,2720,train
OCNT-2313277,2719,train
OCNT-2313278,2718,train
OCNT-2313279,2717,train
OCNT-2313281,2716,train
OCNT-2313287,2715,train
OCNT-2313293,2714,train
OCNT-2313294,2713,train
OCNT-2313297,2712,validation
OCNT-2313299,2711,train
OCNT-2313300,2710,train
OCNT-2313305,2709,train
OCNT-2313307,2708,train
OCNT-2313314,2707,train
OCNT-2313318,2706,train
OCNT-2313319,2705,train
OCNT-2313325,2704,train
OCNT-2313326,2703,train
OCNT-2313335,2702,train
OCNT-2313345,2701,train
OCNT-2313360,2700,test
OCNT-2313361,2699,validation
OCNT-2313362,2698,train
OCNT-2313363,2697,train
OCNT-2313365,2696,train
OCNT-2313366,2695,train
OCNT-2313367,2694,train
OCNT-2313368,2693,train
OCNT-2313371,2692,validation
OCNT-2313373,2691,validation
OCNT-2313374,2690,validation
OCNT-2313377,2689,test
OCNT-2313383,2688,train
OCNT-2313386,2687,train
OCNT-2313388,2686,test
OCNT-2313389,2685,train
OCNT-2313392,2684,train
OCNT-2313393,2683,train
OCNT-2313394,2682,test
OCNT-2313399,2681,train
OCNT-2313400,2680,train
OCNT-2313401,2679,train
OCNT-2313402,2678,train
OCNT-2313403,2677,test
OCNT-2313421,2676,train
OCNT-2313423,2675,validation
OCNT-2313424,2674,train
OCNT-2313427,2673,validation
OCNT-2313429,2672,validation
OCNT-2313432,2671,train
OCNT-2313433,2670,train
OCNT-2313435,2669,train
OCNT-2313438,2668,test
OCNT-2313441,2667,train
OCNT-2313447,2666,train
OCNT-2313448,2665,train
OCNT-2313450,2664,train
OCNT-2313451,2663,train
OCNT-2313459,2662,train
OCNT-2313460,2661,train
OCNT-2313461,2660,train
OCNT-2313465,2659,test
OCNT-2313469,2658,train
OCNT-2313470,2657,train
OCNT-2313472,2656,train
OCNT-2313474,2655,train
OCNT-2313475,2654,test
OCNT-2313477,2653,train
OCNT-2313486,2652,train
OCNT-2313489,2651,train
OCNT-2313504,2650,train
OCNT-2313506,2649,validation
OCNT-2313507,2648,train
OCNT-2313509,2647,train
OCNT-2313512,2646,train
OCNT-2313514,2645,train
OCNT-2313515,2644,train
OCNT-2313520,2643,train
OCNT-2313521,2642,test
OCNT-2313522,2641,train
OCNT-2313526,2640,train
OCNT-2313527,2639,train
OCNT-2313529,2638,train
OCNT-2313532,2637,train
OCNT-2313533,2636,train
OCNT-2313535,2635,train
OCNT-2313537,2634,train
OCNT-2313538,2633,train
OCNT-2313539,2632,train
OCNT-2313543,2631,train
OCNT-2313551,2630,test
OCNT-2313553,2629,train
OCNT-2313554,2628,train
OCNT-2313558,2627,validation
OCNT-2313560,2626,train
OCNT-2313564,2625,train
OCNT-2313565,2624,train
OCNT-2313567,2623,validation
OCNT-2313571,2622,train
OCNT-2313573,2621,train
OCNT-2313574,2620,train
OCNT-2313581,2619,train
OCNT-2313586,2618,test
OCNT-2313594,2617,train
OCNT-2313596,2616,train
OCNT-2313597,2615,train
OCNT-2313602,2614,train
OCNT-2313603,2613,train
OCNT-2313609,2612,validation
OCNT-2313612,2611,train
OCNT-2313616,2610,train
OCNT-2313618,2609,train
OCNT-2313620,2608,train
OCNT-2313623,2607,train
OCNT-2313624,2606,test
OCNT-2313625,2605,validation
OCNT-2313630,2604,train
OCNT-2313632,2603,train
OCNT-2313636,2602,validation
OCNT-2313637,2601,test
OCNT-2313638,2600,test
OCNT-2313639,2599,train
OCNT-2313641,2598,train
OCNT-2313642,2597,validation
OCNT-2313643,2596,train
OCNT-2313644,2595,test
OCNT-2313645,2594,train
OCNT-2313647,2593,train
OCNT-2313652,2592,train
OCNT-2313654,2591,train
OCNT-2313657,2590,test
OCNT-2313664,2589,validation
OCNT-2313666,2588,test
OCNT-2313667,2587,validation
OCNT-2313669,2586,test
OCNT-2313671,2585,train
OCNT-2313672,2584,train
OCNT-2313673,2583,validation
OCNT-2313675,2582,train
OCNT-2313679,2581,train
OCNT-2313682,2580,train
OCNT-2313683,2579,validation
OCNT-2313684,2578,train
OCNT-2313685,2577,test
OCNT-2313689,2576,train
OCNT-2313693,2575,train
OCNT-2313694,2574,validation
OCNT-2313696,2573,train
OCNT-2313698,2572,test
OCNT-2313707,2571,train
OCNT-2313708,2570,train
OCNT-2313710,2569,train
OCNT-2313719,2568,train
OCNT-2313720,2567,validation
OCNT-2313721,2566,test
OCNT-2313726,2565,train
OCNT-2313732,2564,train
OCNT-2313736,2563,train
OCNT-2313737,2562,train
OCNT-2313740,2561,train
OCNT-2313742,2560,test
OCNT-2313747,2559,validation
OCNT-2313748,2558,test
OCNT-2313749,2557,train
OCNT-2313756,2556,train
OCNT-2313758,2555,train
OCNT-2313761,2554,train
OCNT-2313765,2553,train
OCNT-2313767,2552,train
OCNT-2313769,2551,test
OCNT-2313771,2550,train
OCNT-2313778,2549,train
OCNT-2313781,2548,validation
OCNT-2313785,2547,train
OCNT-2313789,2546,train
OCNT-2313792,2545,train
OCNT-2313798,2544,train
OCNT-2313799,2543,train
OCNT-2313802,2542,test
OCNT-2313803,2541,train
OCNT-2313804,2540,validation
OCNT-2313807,2539,train
OCNT-2313808,2538,train
OCNT-2313811,2537,train
OCNT-2313815,2536,train
OCNT-2313821,2535,train
OCNT-2313822,2534,train
OCNT-2313825,2533,train
OCNT-2313826,2532,train
OCNT-2313829,2531,validation
OCNT-2313830,2530,train
OCNT-2313831,2529,test
OCNT-2313832,2528,train
OCNT-2313833,2527,train
OCNT-2313839,2526,train
OCNT-2313842,2525,train
OCNT-2313845,2524,train
OCNT-2313846,2523,test
OCNT-2313851,2522,train
OCNT-2313852,2521,train
OCNT-2313858,2520,train
OCNT-2313859,2519,train
OCNT-2313861,2518,validation
OCNT-2313863,2517,train
OCNT-2313865,2516,train
OCNT-2313867,2515,train
OCNT-2313869,2514,validation
OCNT-2313871,2513,train
OCNT-2313872,2512,train
OCNT-2313874,2511,train
OCNT-2313875,2510,validation
OCNT-2313876,2509,train
OCNT-2313880,2508,validation
OCNT-2313881,2507,train
OCNT-2313886,2506,train
OCNT-2313887,2505,train
OCNT-2313888,2504,train
OCNT-2313891,2503,train
OCNT-2313894,2502,validation
OCNT-2313895,2501,train
OCNT-2313897,2500,validation
OCNT-2313901,2499,train
OCNT-2313906,2498,train
OCNT-2313909,2497,train
OCNT-2313910,2496,validation
OCNT-2313912,2495,train
OCNT-2313913,2494,validation
OCNT-2313919,2493,train
OCNT-2313921,2492,test
OCNT-2313923,2491,train
OCNT-2313925,2490,train
OCNT-2313933,2489,train
OCNT-2313935,2488,train
OCNT-2313936,2487,train
OCNT-2313939,2486,validation
OCNT-2313944,2485,train
OCNT-2313948,2484,train
OCNT-2313949,2483,train
OCNT-2313953,2482,train
OCNT-2313954,2481,train
OCNT-2313956,2480,train
OCNT-2313963,2479,train
OCNT-2313965,2478,train
OCNT-2313970,2477,train
OCNT-2313972,2476,train
OCNT-2313981,2475,train
OCNT-2313982,2474,train
OCNT-2313983,2473,train
OCNT-2313984,2472,train
OCNT-2313985,2471,validation
OCNT-2313987,2470,train
OCNT-2313989,2469,test
OCNT-2313992,2468,train
OCNT-2313994,2467,train
OCNT-2313995,2466,train
OCNT-2313996,2465,train
OCNT-2313997,2464,validation
OCNT-2313999,2463,train
OCNT-2314002,2462,train
OCNT-2314003,2461,train
OCNT-2314004,2460,validation
OCNT-2314006,2459,train
OCNT-2314010,2458,test
OCNT-2314011,2457,train
OCNT-2314012,2456,train
OCNT-2314014,2455,train
OCNT-2314015,2454,train
OCNT-2314017,2453,train
OCNT-2314020,2452,train
OCNT-2314023,2451,train
OCNT-2314024,2450,train
OCNT-2314025,2449,test
OCNT-2314028,2448,train
OCNT-2314029,2447,train
OCNT-2314032,2446,test
OCNT-2314033,2445,train
OCNT-2314036,2444,train
OCNT-2314037,2443,train
OCNT-2314041,2442,train
OCNT-2314042,2441,train
OCNT-2314044,2440,train
OCNT-2314045,2439,validation
OCNT-2314046,2438,train
OCNT-2314050,2437,train
OCNT-2314054,2436,train
OCNT-2314061,2435,validation
OCNT-2314062,2434,train
OCNT-2314063,2433,train
OCNT-2314064,2432,train
OCNT-2314065,2431,train
OCNT-2314067,2430,train
OCNT-2314068,2429,test
OCNT-2314069,2428,train
OCNT-2314070,2427,train
OCNT-2314073,2426,train
OCNT-2314074,2425,train
OCNT-2314076,2424,train
OCNT-2314079,2423,train
OCNT-2314083,2422,validation
OCNT-2314086,2421,train
OCNT-2314087,2420,train
OCNT-2314096,2419,train
OCNT-2314101,2418,train
OCNT-2314103,2417,train
OCNT-2314112,2416,train
OCNT-2314113,2415,train
OCNT-2314117,2414,train
OCNT-2314118,2413,train
OCNT-2314120,2412,train
OCNT-2314122,2411,validation
OCNT-2314127,2410,test
OCNT-2314135,2409,train
OCNT-2314136,2408,train
OCNT-2314137,2407,train
OCNT-2314140,2406,test
OCNT-2314141,2405,train
OCNT-2314143,2404,test
OCNT-2314144,2403,train
OCNT-2314145,2402,train
OCNT-2314146,2401,train
OCNT-2314148,2400,train
OCNT-2314150,2399,train
OCNT-2314151,2398,train
OCNT-2314157,2397,train
OCNT-2314158,2396,train
OCNT-2314160,2395,train
OCNT-2314168,2394,train
OCNT-2314169,2393,test
OCNT-2314172,2392,train
OCNT-2314176,2391,train
OCNT-2314178,2390,train
OCNT-2314180,2389,train
OCNT-2314182,2388,train
OCNT-2314187,2387,train
OCNT-2314190,2386,train
OCNT-2314193,2385,train
OCNT-2314197,2384,validation
OCNT-2314198,2383,train
OCNT-2314199,2382,validation
OCNT-2314201,2381,train
OCNT-2314202,2380,train
OCNT-2314207,2379,train
OCNT-2314208,2378,train
OCNT-2314210,2377,train
OCNT-2314212,2376,train
OCNT-2314213,2375,train
OCNT-2314215,2374,train
OCNT-2314217,2373,validation
OCNT-2314219,2372,train
OCNT-2314221,2371,validation
OCNT-2314222,2370,validation
OCNT-2314223,2369,train
OCNT-2314226,2368,train
OCNT-2314233,2367,train
OCNT-2314234,2366,train
OCNT-2314235,2365,train
OCNT-2314237,2364,validation
OCNT-2314242,2363,train
OCNT-2314243,2362,validation
OCNT-2314247,2361,train
OCNT-2314248,2360,train
OCNT-2314251,2359,train
OCNT-2314254,2358,train
OCNT-2314255,2357,train
OCNT-2314257,2356,train
OCNT-2314259,2355,train
OCNT-2314261,2354,train
OCNT-2314262,2353,train
OCNT-2314263,2352,train
OCNT-2314266,2351,train
OCNT-2314267,2350,train
OCNT-2314269,2349,train
OCNT-2314271,2348,validation
OCNT-2314273,2347,validation
OCNT-2314275,2346,validation
OCNT-2314277,2345,train
OCNT-2314279,2344,train
OCNT-2314283,2343,train
OCNT-2314290,2342,train
OCNT-2314295,2341,train
OCNT-2314296,2340,train
OCNT-2314300,2339,train
OCNT-2314301,2338,train
OCNT-2314305,2337,train
OCNT-2314306,2336,train
OCNT-2314307,2335,train
OCNT-2314310,2334,train
OCNT-2314311,2333,test
OCNT-2314318,2332,test
OCNT-2314321,2331,train
OCNT-2314322,2330,validation
OCNT-2314323,2329,train
OCNT-2314324,2328,train
OCNT-2314326,2327,validation
OCNT-2314327,2326,validation
OCNT-2314328,2325,train
OCNT-2314329,2324,test
OCNT-2314335,2323,train
OCNT-2314336,2322,train
OCNT-2314337,2321,train
OCNT-2314338,2320,train
OCNT-2314341,2319,train
OCNT-2314342,2318,train
OCNT-2314349,2317,train
OCNT-2314353,2316,train
OCNT-2314354,2315,train
OCNT-2314356,2314,validation
OCNT-2314357,2313,train
OCNT-2314360,2312,train
OCNT-2314363,2311,train
OCNT-2314369,2310,validation
OCNT-2314371,2309,train
OCNT-2314373,2308,test
OCNT-2314375,2307,train
OCNT-2314377,2306,validation
OCNT-2314380,2305,train
OCNT-2314381,2304,train
OCNT-2314385,2303,test
OCNT-2314387,2302,train
OCNT-2314390,2301,validation
OCNT-2314395,2300,test
OCNT-2314397,2299,validation
OCNT-2314399,2298,train
OCNT-2314402,2297,train
OCNT-2314403,2296,train
OCNT-2314405,2295,train
OCNT-2314407,2294,validation
OCNT-2314408,2293,train
OCNT-2314410,2292,validation
OCNT-2314412,2291,train
OCNT-2314416,2290,train
OCNT-2314426,2289,train
OCNT-2314427,2288,train
OCNT-2314433,2287,validation
OCNT-2314434,2286,test
OCNT-2314436,2285,train
OCNT-2314439,2284,train
OCNT-2314445,2283,validation
OCNT-2314446,2282,train
OCNT-2314447,2281,validation
OCNT-2314450,2280,test
OCNT-2314452,2279,train
OCNT-2314454,2278,train
OCNT-2314457,2277,test
OCNT-2314458,2276,train
OCNT-2314459,2275,train
OCNT-2314460,2274,train
OCNT-2314461,2273,validation
OCNT-2314462,2272,validation
OCNT-2314465,2271,train
OCNT-2314467,2270,validation
OCNT-2314468,2269,train
OCNT-2314473,2268,train
OCNT-2314478,2267,train
OCNT-2314480,2266,test
OCNT-2314481,2265,test
OCNT-2314482,2264,train
OCNT-2314483,2263,train
OCNT-2314484,2262,train
OCNT-2314487,2261,train
OCNT-2314488,2260,validation
OCNT-2314492,2259,validation
OCNT-2314494,2258,train
OCNT-2314499,2257,train
OCNT-2314500,2256,validation
OCNT-2314502,2255,train
OCNT-2314504,2254,train
OCNT-2314508,2253,train
OCNT-2314509,2252,train
OCNT-2314511,2251,validation
OCNT-2314515,2250,train
OCNT-2314516,2249,train
OCNT-2314523,2248,train
OCNT-2314524,2247,train
OCNT-2314526,2246,train
OCNT-2314527,2245,test
OCNT-2314528,2244,train
OCNT-2314532,2243,train
OCNT-2314534,2242,train
OCNT-2314536,2241,train
OCNT-2314537,2240,train
OCNT-2314539,2239,validation
OCNT-2314547,2238,train
OCNT-2314548,2237,train
OCNT-2314551,2236,train
OCNT-2314553,2235,train
OCNT-2314554,2234,train
OCNT-2314559,2233,test
OCNT-2314561,2232,train
OCNT-2314567,2231,train
OCNT-2314568,2230,validation
OCNT-2314570,2229,train
OCNT-2314574,2228,train
OCNT-2314575,2227,train
OCNT-2314582,2226,train
OCNT-2314583,2225,train
OCNT-2314584,2224,train
OCNT-2314586,2223,test
OCNT-2314588,2222,train
OCNT-2314591,2221,validation
OCNT-2314592,2220,train
OCNT-2314594,2219,train
OCNT-2314601,2218,train
OCNT-2314602,2217,validation
OCNT-2314603,2216,train
OCNT-2314606,2215,train
OCNT-2314607,2214,validation
OCNT-2314608,2213,train
OCNT-2314609,2212,train
OCNT-2314610,2211,train
OCNT-2314611,2210,train
OCNT-2314613,2209,validation
OCNT-2314615,2208,train
OCNT-2314616,2207,train
OCNT-2314617,2206,test
OCNT-2314618,2205,validation
OCNT-2314619,2204,train
OCNT-2314621,2203,test
OCNT-2314624,2202,train
OCNT-2314625,2201,train
OCNT-2314629,2200,train
OCNT-2314630,2199,train
OCNT-2314631,2198,train
OCNT-2314632,2197,train
OCNT-2314636,2196,train
OCNT-2314637,2195,train
OCNT-2314639,2194,train
OCNT-2314641,2193,train
OCNT-2314646,2192,train
OCNT-2314649,2191,train
OCNT-2314654,2190,train
OCNT-2314657,2189,train
OCNT-2314658,2188,test
OCNT-2314662,2187,test
OCNT-2314663,2186,train
OCNT-2314665,2185,train
OCNT-2314667,2184,train
OCNT-2314673,2183,train
OCNT-2314674,2182,train
OCNT-2314682,2181,train
OCNT-2314683,2180,validation
OCNT-2314688,2179,test
OCNT-2314691,2178,train
OCNT-2314692,2177,validation
OCNT-2314693,2176,train
OCNT-2314694,2175,train
OCNT-2314695,2174,validation
OCNT-2314699,2173,train
OCNT-2314705,2172,train
OCNT-2314706,2171,train
OCNT-2314708,2170,train
OCNT-2314713,2169,train
OCNT-2314714,2168,train
OCNT-2314715,2167,train
OCNT-2314717,2166,test
OCNT-2314720,2165,validation
OCNT-2314724,2164,validation
OCNT-2314726,2163,test
OCNT-2314739,2162,train
OCNT-2314741,2161,test
OCNT-2314744,2160,train
OCNT-2314747,2159,train
OCNT-2314750,2158,test
OCNT-2314757,2157,test
OCNT-2314759,2156,train
OCNT-2314762,2155,test
OCNT-2314763,2154,test
OCNT-2314768,2153,validation
OCNT-2314770,2152,train
OCNT-2314771,2151,train
OCNT-2314773,2150,test
OCNT-2314774,2149,validation
OCNT-2314777,2148,train
OCNT-2314778,2147,train
OCNT-2314781,2146,train
OCNT-2314787,2145,train
OCNT-2314790,2144,train
OCNT-2314795,2143,validation
OCNT-2314796,2142,train
OCNT-2314799,2141,validation
OCNT-2314800,2140,train
OCNT-2314801,2139,test
OCNT-2314802,2138,train
OCNT-2314804,2137,validation
OCNT-2314805,2136,test
OCNT-2314807,2135,test
OCNT-2314809,2134,train
OCNT-2314812,2133,train
OCNT-2314813,2132,train
OCNT-2314816,2131,validation
OCNT-2314818,2130,train
OCNT-2314820,2129,train
OCNT-2314824,2128,train
OCNT-2314827,2127,train
OCNT-2314831,2126,test
OCNT-2314833,2125,train
OCNT-2314844,2124,train
OCNT-2314845,2123,train
OCNT-2314853,2122,train
OCNT-2314858,2121,train
OCNT-2314859,2120,test
OCNT-2314861,2119,train
OCNT-2314864,2118,train
OCNT-2314865,2117,test
OCNT-2314866,2116,train
OCNT-2314872,2115,test
OCNT-2314875,2114,train
OCNT-2314877,2113,train
OCNT-2314879,2112,train
OCNT-2314884,2111,train
OCNT-2314885,2110,test
OCNT-2314886,2109,train
OCNT-2314895,2108,train
OCNT-2314896,2107,train
OCNT-2314897,2106,test
OCNT-2314898,2105,test
OCNT-2314899,2104,train
OCNT-2314902,2103,train
OCNT-2314903,2102,train
OCNT-2314905,2101,train
OCNT-2314906,2100,train
OCNT-2314907,2099,test
OCNT-2314910,2098,validation
OCNT-2314919,2097,test
OCNT-2314924,2096,test
OCNT-2314927,2095,test
OCNT-2314928,2094,train
OCNT-2314929,2093,validation
OCNT-2314930,2092,train
OCNT-2314937,2091,train
OCNT-2314941,2090,train
OCNT-2314946,2089,test
OCNT-2314947,2088,train
OCNT-2314951,2087,test
OCNT-2314960,2086,train
OCNT-2314961,2085,train
OCNT-2314962,2084,train
OCNT-2314966,2083,train
OCNT-2314968,2082,train
OCNT-2314969,2081,train
OCNT-2314972,2080,train
OCNT-2314976,2079,train
OCNT-2314977,2078,train
OCNT-2314985,2077,test
OCNT-2314988,2076,train
OCNT-2314989,2075,train
OCNT-2314990,2074,train
OCNT-2314992,2073,train
OCNT-2314993,2072,train
OCNT-2314994,2071,test
OCNT-2314995,2070,validation
OCNT-2314998,2069,train
OCNT-2315001,2068,train
OCNT-2315005,2067,train
OCNT-2315007,2066,test
OCNT-2315008,2065,train
OCNT-2315009,2064,train
OCNT-2315016,2063,train
OCNT-2315017,2062,train
OCNT-2315024,2061,train
OCNT-2315030,2060,train
OCNT-2315032,2059,train
OCNT-2315034,2058,train
OCNT-2315035,2057,train
OCNT-2315036,2056,train
OCNT-2315039,2055,test
OCNT-2315042,2054,train
OCNT-2315044,2053,train
OCNT-2315045,2052,train
OCNT-2315047,2051,validation
OCNT-2315048,2050,train
OCNT-2315050,2049,train
OCNT-2315052,2048,train
OCNT-2315056,2047,train
OCNT-2315060,2046,train
OCNT-2315064,2045,train
OCNT-2315065,2044,test
OCNT-2315071,2043,test
OCNT-2315072,2042,train
OCNT-2315074,2041,train
OCNT-2315078,2040,train
OCNT-2315079,2039,test
OCNT-2315082,2038,train
OCNT-2315085,2037,train
OCNT-2315086,2036,validation
OCNT-2315087,2035,train
OCNT-2315089,2034,train
OCNT-2315091,2033,train
OCNT-2315092,2032,train
OCNT-2315093,2031,validation
OCNT-2315097,2030,test
OCNT-2315099,2029,train
OCNT-2315100,2028,train
OCNT-2315103,2027,train
OCNT-2315105,2026,train
OCNT-2315106,2025,train
OCNT-2315109,2024,train
OCNT-2315110,2023,train
OCNT-2315112,2022,validation
OCNT-2315113,2021,train
OCNT-2315114,2020,train
OCNT-2315115,2019,validation
OCNT-2315120,2018,test
OCNT-2315121,2017,train
OCNT-2315122,2016,train
OCNT-2315124,2015,train
OCNT-2315125,2014,train
OCNT-2315126,2013,train
OCNT-2315127,2012,train
OCNT-2315130,2011,train
OCNT-2315131,2010,train
OCNT-2315133,2009,train
OCNT-2315138,2008,train
OCNT-2315139,2007,test
OCNT-2315145,2006,train
OCNT-2315146,2005,train
OCNT-2315147,2004,train
OCNT-2315148,2003,train
OCNT-2315149,2002,train
OCNT-2315150,2001,train
OCNT-2315152,2000,validation
OCNT-2315153,1999,train
OCNT-2315155,1998,train
OCNT-2315156,1997,train
OCNT-2315157,1996,validation
OCNT-2315159,1995,train
OCNT-2315165,1994,train
OCNT-2315166,1993,train
OCNT-2315172,1992,validation
OCNT-2315174,1991,test
OCNT-2315175,1990,train
OCNT-2315178,1989,train
OCNT-2315179,1988,test
OCNT-2315183,1987,validation
OCNT-2315185,1986,train
OCNT-2315186,1985,train
OCNT-2315191,1984,train
OCNT-2315193,1983,validation
OCNT-2315194,1982,train
OCNT-2315195,1981,train
OCNT-2315200,1980,test
OCNT-2315201,1979,train
OCNT-2315202,1978,train
OCNT-2315204,1977,train
OCNT-2315211,1976,train
OCNT-2315212,1975,test
OCNT-2315213,1974,train
OCNT-2315214,1973,train
OCNT-2315215,1972,train
OCNT-2315217,1971,validation
OCNT-2315218,1970,train
OCNT-2315219,1969,validation
OCNT-2315226,1968,validation
OCNT-2315230,1967,train
OCNT-2315232,1966,test
OCNT-2315233,1965,train
OCNT-2315236,1964,train
OCNT-2315237,1963,train
OCNT-2315241,1962,train
OCNT-2315245,1961,train
OCNT-2315246,1960,train
OCNT-2315250,1959,train
OCNT-2315252,1958,validation
OCNT-2315257,1957,train
OCNT-2315259,1956,train
OCNT-2315261,1955,test
OCNT-2315263,1954,train
OCNT-2315265,1953,validation
OCNT-2315270,1952,train
OCNT-2315271,1951,train
OCNT-2315273,1950,train
OCNT-2315275,1949,train
OCNT-2315276,1948,train
OCNT-2315277,1947,validation
OCNT-2315280,1946,test
OCNT-2315282,1945,train
OCNT-2315284,1944,train
OCNT-2315285,1943,train
OCNT-2315288,1942,validation
OCNT-2315291,1941,train
OCNT-2315293,1940,train
OCNT-2315294,1939,train
OCNT-2315296,1938,train
OCNT-2315297,1937,train
OCNT-2315300,1936,train
OCNT-2315308,1935,train
OCNT-2315311,1934,train
OCNT-2315315,1933,train
OCNT-2315318,1932,train
OCNT-2315321,1931,train
OCNT-2315322,1930,train
OCNT-2315324,1929,train
OCNT-2315325,1928,train
OCNT-2315326,1927,train
OCNT-2315327,1926,train
OCNT-2315329,1925,train
OCNT-2315331,1924,test
OCNT-2315332,1923,test
OCNT-2315333,1922,test
OCNT-2315338,1921,validation
OCNT-2315340,1920,validation
OCNT-2315342,1919,train
OCNT-2315347,1918,train
OCNT-2315349,1917,validation
OCNT-2315351,1916,train
OCNT-2315357,1915,validation
OCNT-2315363,1914,train
OCNT-2315365,1913,train
OCNT-2315366,1912,test
OCNT-2315367,1911,train
OCNT-2315368,1910,test
OCNT-2315370,1909,train
OCNT-2315371,1908,train
OCNT-2315375,1907,train
OCNT-2315379,1906,train
OCNT-2315381,1905,train
OCNT-2315382,1904,train
OCNT-2315386,1903,train
OCNT-2315387,1902,train
OCNT-2315389,1901,train
OCNT-2315390,1900,train
OCNT-2315392,1899,train
OCNT-2315394,1898,train
OCNT-2315395,1897,train
OCNT-2315398,1896,test
OCNT-2315401,1895,train
OCNT-2315408,1894,test
OCNT-2315409,1893,train
OCNT-2315412,1892,validation
OCNT-2315413,1891,validation
OCNT-2315416,1890,train
OCNT-2315417,1889,validation
OCNT-2315425,1888,train
OCNT-2315433,1887,test
OCNT-2315443,1886,validation
OCNT-2315444,1885,validation
OCNT-2315445,1884,validation
OCNT-2315447,1883,train
OCNT-2315448,1882,train
OCNT-2315450,1881,train
OCNT-2315451,1880,train
OCNT-2315454,1879,train
OCNT-2315456,1878,test
OCNT-2315457,1877,train
OCNT-2315458,1876,train
OCNT-2315460,1875,test
OCNT-2315461,1874,train
OCNT-2315462,1873,train
OCNT-2315466,1872,train
OCNT-2315467,1871,train
OCNT-2315468,1870,train
OCNT-2315469,1869,train
OCNT-2315472,1868,train
OCNT-2315473,1867,train
OCNT-2315476,1866,train
OCNT-2315478,1865,train
OCNT-2315479,1864,train
OCNT-2315480,1863,train
OCNT-2315482,1862,test
OCNT-2315483,1861,train
OCNT-2315485,1860,train
OCNT-2315488,1859,validation
OCNT-2315490,1858,train
OCNT-2315493,1857,train
OCNT-2315495,1856,train
OCNT-2315498,1855,train
OCNT-2315502,1854,train
OCNT-2315503,1853,train
OCNT-2315505,1852,train
OCNT-2315507,1851,train
OCNT-2315508,1850,test
OCNT-2315509,1849,train
OCNT-2315512,1848,train
OCNT-2315513,1847,train
OCNT-2315514,1846,train
OCNT-2315517,1845,train
OCNT-2315518,1844,train
OCNT-2315525,1843,train
OCNT-2315528,1842,train
OCNT-2315531,1841,validation
OCNT-2315532,1840,train
OCNT-2315535,1839,train
OCNT-2315537,1838,train
OCNT-2315538,1837,train
OCNT-2315539,1836,validation
OCNT-2315542,1835,train
OCNT-2315543,1834,train
OCNT-2315545,1833,train
OCNT-2315546,1832,train
OCNT-2315548,1831,train
OCNT-2315550,1830,train
OCNT-2315551,1829,validation
OCNT-2315554,1828,train
OCNT-2315556,1827,validation
OCNT-2315557,1826,train
OCNT-2315560,1825,train
OCNT-2315565,1824,train
OCNT-2315567,1823,validation
OCNT-2315568,1822,train
OCNT-2315569,1821,train
OCNT-2315571,1820,train
OCNT-2315573,1819,train
OCNT-2315575,1818,train
OCNT-2315583,1817,test
OCNT-2315584,1816,train
OCNT-2315585,1815,train
OCNT-2315589,1814,test
OCNT-2315590,1813,validation
OCNT-2315591,1812,validation
OCNT-2315600,1811,train
OCNT-2315602,1810,test
OCNT-2315605,1809,train
OCNT-2315609,1808,train
OCNT-2315610,1807,validation
OCNT-2315611,1806,train
OCNT-2315612,1805,train
OCNT-2315615,1804,train
OCNT-2315616,1803,train
OCNT-2315618,1802,train
OCNT-2315621,1801,train
OCNT-2315622,1800,validation
OCNT-2315623,1799,train
OCNT-2315627,1798,validation
OCNT-2315629,1797,train
OCNT-2315630,1796,train
OCNT-2315632,1795,train
OCNT-2315633,1794,train
OCNT-2315636,1793,train
OCNT-2315640,1792,train
OCNT-2315645,1791,test
OCNT-2315646,1790,train
OCNT-2315652,1789,train
OCNT-2315653,1788,train
OCNT-2315654,1787,train
OCNT-2315660,1786,validation
OCNT-2315663,1785,validation
OCNT-2315667,1784,train
OCNT-2315670,1783,test
OCNT-2315672,1782,train
OCNT-2315679,1781,train
OCNT-2315684,1780,test
OCNT-2315688,1779,train
OCNT-2315690,1778,train
OCNT-2315694,1777,train
OCNT-2315696,1776,train
OCNT-2315698,1775,train
OCNT-2315699,1774,train
OCNT-2315700,1773,train
OCNT-2315701,1772,train
OCNT-2315702,1771,train
OCNT-2315705,1770,train
OCNT-2315711,1769,train
OCNT-2315713,1768,test
OCNT-2315716,1767,train
OCNT-2315717,1766,train
OCNT-2315719,1765,train
OCNT-2315721,1764,train
OCNT-2315725,1763,validation
OCNT-2315727,1762,train
OCNT-2315728,1761,test
OCNT-2315731,1760,test
OCNT-2315734,1759,train
OCNT-2315738,1758,train
OCNT-2315739,1757,train
OCNT-2315740,1756,train
OCNT-2315742,1755,train
OCNT-2315746,1754,validation
OCNT-2315747,1753,validation
OCNT-2315748,1752,train
OCNT-2315749,1751,train
OCNT-2315752,1750,train
OCNT-2315753,1749,train
OCNT-2315756,1748,validation
OCNT-2315757,1747,validation
OCNT-2315758,1746,train
OCNT-2315759,1745,validation
OCNT-2315764,1744,train
OCNT-2315765,1743,train
OCNT-2315767,1742,train
OCNT-2315770,1741,train
OCNT-2315775,1740,train
OCNT-2315776,1739,test
OCNT-2315778,1738,validation
OCNT-2315779,1737,train
OCNT-2315780,1736,train
OCNT-2315781,1735,validation
OCNT-2315791,1734,train
OCNT-2315799,1733,train
OCNT-2315805,1732,validation
OCNT-2315806,1731,test
OCNT-2315808,1730,train
OCNT-2315811,1729,validation
OCNT-2315812,1728,train
OCNT-2315813,1727,test
OCNT-2315815,1726,train
OCNT-2315816,1725,test
OCNT-2315819,1724,train
OCNT-2315820,1723,train
OCNT-2315821,1722,train
OCNT-2315823,1721,train
OCNT-2315824,1720,train
OCNT-2315826,1719,train
OCNT-2315827,1718,train
OCNT-2315832,1717,test
OCNT-2315833,1716,train
OCNT-2315836,1715,train
OCNT-2315838,1714,validation
OCNT-2315840,1713,validation
OCNT-2315844,1712,train
OCNT-2315845,1711,train
OCNT-2315846,1710,train
OCNT-2315849,1709,train
OCNT-2315851,1708,validation
OCNT-2315858,1707,train
OCNT-2315859,1706,train
OCNT-2315861,1705,validation
OCNT-2315862,1704,train
OCNT-2315864,1703,train
OCNT-2315865,1702,validation
OCNT-2315866,1701,train
OCNT-2315870,1700,train
OCNT-2315873,1699,validation
OCNT-2315874,1698,train
OCNT-2315875,1697,train
OCNT-2315877,1696,train
OCNT-2315878,1695,train
OCNT-2315880,1694,test
OCNT-2315885,1693,validation
OCNT-2315886,1692,validation
OCNT-2315887,1691,train
OCNT-2315888,1690,train
OCNT-2315891,1689,validation
OCNT-2315893,1688,train
OCNT-2315895,1687,train
OCNT-2315900,1686,train
OCNT-2315903,1685,test
OCNT-2315906,1684,train
OCNT-2315908,1683,train
OCNT-2315910,1682,train
OCNT-2315912,1681,train
OCNT-2315913,1680,test
OCNT-2315916,1679,train
OCNT-2315930,1678,train
OCNT-2315931,1677,train
OCNT-2315934,1676,validation
OCNT-2315937,1675,test
OCNT-2315938,1674,test
OCNT-2315944,1673,train
OCNT-2315945,1672,train
OCNT-2315946,1671,train
OCNT-2315948,1670,train
OCNT-2315950,4,test
OCNT-2315953,1669,train
OCNT-2315954,1668,train
OCNT-2315959,1667,train
OCNT-2315960,1666,train
OCNT-2315965,1665,validation
OCNT-2315966,1664,train
OCNT-2315972,1663,train
OCNT-2315973,1662,train
OCNT-2315974,1661,train
OCNT-2315975,1660,train
OCNT-2315976,1659,train
OCNT-2315978,1658,validation
OCNT-2315980,1657,train
OCNT-2315982,1656,test
OCNT-2315984,1655,train
OCNT-2315988,1654,train
OCNT-2315990,1653,train
OCNT-2315991,1652,validation
OCNT-2315992,1651,train
OCNT-2315994,1650,test
OCNT-2315996,1649,train
OCNT-2315997,1648,train
OCNT-2315998,1647,train
OCNT-2316001,1646,train
OCNT-2316003,1645,train
OCNT-2316009,1644,validation
OCNT-2316012,1643,validation
OCNT-2316017,1642,train
OCNT-2316020,1641,validation
OCNT-2316025,1640,train
OCNT-2316031,1639,train
OCNT-2316032,1638,train
OCNT-2316035,1637,test
OCNT-2316037,1636,train
OCNT-2316040,1635,validation
OCNT-2316044,1634,train
OCNT-2316049,1633,test
OCNT-2316068,1632,validation
OCNT-2316070,1631,train
OCNT-2316072,1630,validation
OCNT-2316079,1629,train
OCNT-2316081,1628,train
OCNT-2316082,1627,test
OCNT-2316083,1626,train
OCNT-2316084,1625,train
OCNT-2316089,1624,test
OCNT-2316093,1623,train
OCNT-2316095,1622,train
OCNT-2316099,1621,train
OCNT-2316100,1620,test
OCNT-2316102,1619,test
OCNT-2316103,1618,train
OCNT-2316105,1617,train
OCNT-2316109,1616,train
OCNT-2316110,1615,train
OCNT-2316112,1614,test
OCNT-2316115,1613,train
OCNT-2316117,1612,validation
OCNT-2316119,1611,train
OCNT-2316120,1610,train
OCNT-2316121,1609,train
OCNT-2316125,1608,validation
OCNT-2316131,1607,train
OCNT-2316132,1606,test
OCNT-2316133,1605,validation
OCNT-2316136,1604,train
OCNT-2316138,1603,train
OCNT-2316140,1602,train
OCNT-2316141,1601,validation
OCNT-2316147,1600,train
OCNT-2316148,1599,validation
OCNT-2316158,1598,train
OCNT-2316159,1597,train
OCNT-2316163,1596,train
OCNT-2316164,1595,train
OCNT-2316170,1594,validation
OCNT-2316175,1593,train
OCNT-2316176,1592,train
OCNT-2316177,1591,train
OCNT-2316179,1590,train
OCNT-2316180,1589,train
OCNT-2316181,1588,train
OCNT-2316185,1587,test
OCNT-2316186,1586,train
OCNT-2316187,1585,train
OCNT-2316189,1584,train
OCNT-2316191,1583,validation
OCNT-2316194,1582,test
OCNT-2316195,1581,validation
OCNT-2316196,1580,train
OCNT-2316197,1579,train
OCNT-2316198,1578,train
OCNT-2316204,1577,train
OCNT-2316205,1576,train
OCNT-2316207,1575,train
OCNT-2316209,1574,test
OCNT-2316212,1573,train
OCNT-2316215,1572,test
OCNT-2316216,1571,train
OCNT-2316217,1570,train
OCNT-2316222,1569,train
OCNT-2316225,1568,train
OCNT-2316228,1567,train
OCNT-2316229,1566,train
OCNT-2316230,1565,train
OCNT-2316235,1564,validation
OCNT-2316236,1563,train
OCNT-2316237,1562,train
OCNT-2316240,1561,test
OCNT-2316247,1560,train
OCNT-2316252,1559,validation
OCNT-2316253,1558,train
OCNT-2316254,1557,validation
OCNT-2316255,1556,validation
OCNT-2316256,1555,train
OCNT-2316257,1554,train
OCNT-2316262,1553,train
OCNT-2316266,1552,test
OCNT-2316270,1551,train
OCNT-2316274,1550,train
OCNT-2316276,1549,test
OCNT-2316278,1548,train
OCNT-2316280,1547,train
OCNT-2316287,1546,validation
OCNT-2316288,1545,validation
OCNT-2316290,1544,train
OCNT-2316296,1543,validation
OCNT-2316303,1542,train
OCNT-2316304,1541,test
OCNT-2316305,1540,train
OCNT-2316307,1539,train
OCNT-2316311,1538,train
OCNT-2316319,1537,train
OCNT-2316320,1536,test
OCNT-2316322,1535,train
OCNT-2316326,1534,train
OCNT-2316329,1533,train
OCNT-2316334,1532,train
OCNT-2316337,1531,validation
OCNT-2316339,1530,validation
OCNT-2316344,1529,train
OCNT-2316345,1528,test
OCNT-2316348,1527,train
OCNT-2316349,1526,train
OCNT-2316352,1525,train
OCNT-2316354,1524,train
OCNT-2316356,1523,train
OCNT-2316358,1522,train
OCNT-2316359,1521,train
OCNT-2316360,1520,test
OCNT-2316365,1519,test
OCNT-2316367,1518,validation
OCNT-2316372,1517,train
OCNT-2316374,1516,train
OCNT-2316388,1515,train
OCNT-2316392,1514,train
OCNT-2316394,1513,validation
OCNT-2316397,1512,train
OCNT-2316398,1511,train
OCNT-2316399,1510,train
OCNT-2316400,1509,train
OCNT-2316402,1508,train
OCNT-2316403,1507,train
OCNT-2316408,1506,train
OCNT-2316412,1505,train
OCNT-2316420,1504,train
OCNT-2316424,1503,test
OCNT-2316430,1502,train
OCNT-2316431,1501,train
OCNT-2316432,11,test
OCNT-2316436,1500,train
OCNT-2316438,47,validation
OCNT-2316441,1499,train
OCNT-2316444,1498,train
OCNT-2316445,1497,train
OCNT-2316451,1496,train
OCNT-2316452,1495,train
OCNT-2316459,1494,test
OCNT-2316462,1493,train
OCNT-2316464,1492,train
OCNT-2316472,1491,test
OCNT-2316474,1490,train
OCNT-2316475,1489,train
OCNT-2316476,1488,test
OCNT-2316482,1487,test
OCNT-2316486,1486,test
OCNT-2316490,1485,train
OCNT-2316493,1484,test
OCNT-2316494,1483,train
OCNT-2316497,1482,train
OCNT-2316507,1481,train
OCNT-2316512,1480,train
OCNT-2316515,1479,train
OCNT-2316516,1478,test
OCNT-2316527,1477,validation
OCNT-2316531,1476,test
OCNT-2316534,1475,test
OCNT-2316535,1474,test
OCNT-2316543,1473,test
OCNT-2316547,1472,train
OCNT-2316548,1471,train
OCNT-2316551,1470,train
OCNT-2316553,1469,train
OCNT-2316554,1468,validation
OCNT-2316555,1467,train
OCNT-2316557,1466,train
OCNT-2316559,1465,test
OCNT-2316560,1464,validation
OCNT-2316563,1463,test
OCNT-2316564,1462,validation
OCNT-2316565,1461,train
OCNT-2316566,1460,train
OCNT-2316568,1459,test
OCNT-2316569,1458,test
OCNT-2316570,1457,train
OCNT-2316573,1456,test
OCNT-2316582,1455,test
OCNT-2316583,1454,train
OCNT-2316585,1453,test
OCNT-2316587,1452,train
OCNT-2316589,1451,train
OCNT-2316591,1450,validation
OCNT-2316592,1449,train
OCNT-2316594,1448,validation
OCNT-2316595,1447,validation
OCNT-2316600,1446,train
OCNT-2316604,1445,train
OCNT-2316606,1444,test
OCNT-2316608,1443,validation
OCNT-2316612,1442,validation
OCNT-2316617,1441,validation
OCNT-2316619,1440,train
OCNT-2316624,1439,test
OCNT-2316626,1438,train
OCNT-2316628,1437,train
OCNT-2316630,1436,train
OCNT-2316633,1435,train
OCNT-2316635,1434,validation
OCNT-2316636,1433,train
OCNT-2316641,1432,train
OCNT-2316644,1431,train
OCNT-2316650,1430,validation
OCNT-2316654,1429,validation
OCNT-2316656,1428,train
OCNT-2316657,1427,train
OCNT-2316658,1426,train
OCNT-2316662,1425,test
OCNT-2316664,1424,train
OCNT-2316666,1423,train
OCNT-2316669,1422,train
OCNT-2316671,1421,validation
OCNT-2316676,1420,train
OCNT-2316679,1419,test
OCNT-2316682,1418,train
OCNT-2316683,1417,train
OCNT-2316684,1416,test
OCNT-2316687,1415,train
OCNT-2316690,1414,train
OCNT-2316691,1413,test
OCNT-2316693,1412,train
OCNT-2316694,1411,train
OCNT-2316696,1410,validation
OCNT-2316697,1409,train
OCNT-2316700,1408,train
OCNT-2316701,1407,test
OCNT-2316702,1406,test
OCNT-2316703,1405,train
OCNT-2316704,1404,train
OCNT-2316705,1403,train
OCNT-2316707,1402,train
OCNT-2316708,1401,test
OCNT-2316709,1400,validation
OCNT-2316711,1399,train
OCNT-2316720,1398,train
OCNT-2316721,1397,train
OCNT-2316722,1396,validation
OCNT-2316726,1395,validation
OCNT-2316735,1394,validation
OCNT-2316737,1393,train
OCNT-2316738,1392,train
OCNT-2316739,1391,train
OCNT-2316742,1390,train
OCNT-2316744,1389,train
OCNT-2316746,1388,validation
OCNT-2316747,1387,train
OCNT-2316749,1386,train
OCNT-2316751,1385,validation
OCNT-2316754,1384,train
OCNT-2316755,1383,train
OCNT-2316758,1382,train
OCNT-2316761,1381,validation
OCNT-2316764,1380,validation
OCNT-2316765,1379,train
OCNT-2316766,1378,train
OCNT-2316767,1377,train
OCNT-2316768,1376,train
OCNT-2316769,1375,train
OCNT-2316770,1374,train
OCNT-2316771,1373,train
OCNT-2316772,1372,train
OCNT-2316774,1371,test
OCNT-2316775,1370,test
OCNT-2316781,1369,train
OCNT-2316783,1368,train
OCNT-2316787,1367,train
OCNT-2316796,1366,test
OCNT-2316803,1365,train
OCNT-2316811,1364,validation
OCNT-2316815,1363,validation
OCNT-2316818,1362,train
OCNT-2316819,1361,train
OCNT-2316821,1360,validation
OCNT-2316822,1359,train
OCNT-2316823,1358,train
OCNT-2316832,1357,train
OCNT-2316834,1356,train
OCNT-2316836,1355,validation
OCNT-2316839,1354,train
OCNT-2316840,1353,train
OCNT-2316841,1352,train
OCNT-2316845,1351,train
OCNT-2316848,1350,train
OCNT-2316852,1349,train
OCNT-2316854,1348,train
OCNT-2316855,1347,train
OCNT-2316859,1346,train
OCNT-2316861,1345,train
OCNT-2316864,1344,train
OCNT-2316867,1343,train
OCNT-2316870,1342,validation
OCNT-2316872,1341,validation
OCNT-2316874,1340,train
OCNT-2316876,1339,train
OCNT-2316877,1338,validation
OCNT-2316879,1337,test
OCNT-2316880,1336,train
OCNT-2316881,1335,train
OCNT-2316883,1334,validation
OCNT-2316884,1333,test
OCNT-2316890,1332,test
OCNT-2316891,1331,test
OCNT-2316896,1330,train
OCNT-2316904,1329,train
OCNT-2316906,1328,train
OCNT-2316907,1327,train
OCNT-2316908,1326,validation
OCNT-2316909,1325,train
OCNT-2316911,1324,train
OCNT-2316912,1323,train
OCNT-2316913,1322,test
OCNT-2316915,1321,train
OCNT-2316917,1320,test
OCNT-2316921,1319,train
OCNT-2316922,1318,test
OCNT-2316923,1317,train
OCNT-2316931,1316,train
OCNT-2316933,1315,train
OCNT-2316937,1314,train
OCNT-2316942,1313,train
OCNT-2316947,1312,train
OCNT-2316948,1311,train
OCNT-2316951,1310,train
OCNT-2316954,1309,train
OCNT-2316959,1308,validation
OCNT-2316960,1307,train
OCNT-2316961,1306,train
OCNT-2316962,1305,train
OCNT-2316964,1304,train
OCNT-2316966,1303,train
OCNT-2316967,1302,train
OCNT-2316968,1301,train
OCNT-2316971,1300,train
OCNT-2316975,1299,train
OCNT-2316976,1298,train
OCNT-2316984,1297,train
OCNT-2316987,1296,validation
OCNT-2316989,1295,train
OCNT-2316997,1294,train
OCNT-2316998,1293,train
OCNT-2317000,1292,train
OCNT-2317002,1291,test
OCNT-2317014,1290,validation
OCNT-2317020,1289,validation
OCNT-2317021,1288,train
OCNT-2317023,1287,validation
OCNT-2317024,1286,train
OCNT-2317025,1285,train
OCNT-2317028,1284,train
OCNT-2317039,1283,train
OCNT-2317040,1282,train
OCNT-2317044,1281,train
OCNT-2317059,66,validation
OCNT-2317061,1280,test
OCNT-2317062,1279,validation
OCNT-2317064,1278,train
OCNT-2317065,1277,train
OCNT-2317066,1276,train
OCNT-2317067,1275,train
OCNT-2317068,1274,train
OCNT-2317070,1273,validation
OCNT-2317072,1272,train
OCNT-2317077,1271,validation
OCNT-2317078,1270,train
OCNT-2317079,1269,train
OCNT-2317084,1268,train
OCNT-2317086,1267,train
OCNT-2317087,1266,train
OCNT-2317090,1265,train
OCNT-2317092,1264,train
OCNT-2317097,1263,train
OCNT-2317099,1262,train
OCNT-2317101,1261,train
OCNT-2317103,1260,validation
OCNT-2317105,1259,train
OCNT-2317107,1258,train
OCNT-2317109,1257,train
OCNT-2317112,1256,train
OCNT-2317114,1255,train
OCNT-2317116,1254,train
OCNT-2317118,1253,train
OCNT-2317123,1252,train
OCNT-2317126,1251,train
OCNT-2317127,1250,train
OCNT-2317130,1249,validation
OCNT-2317132,1248,train
OCNT-2317134,1247,train
OCNT-2317135,1246,validation
OCNT-2317136,1245,train
OCNT-2317143,1244,train
OCNT-2317145,1243,train
OCNT-2317148,1242,train
OCNT-2317154,1241,train
OCNT-2317155,1240,test
OCNT-2317156,1239,train
OCNT-2317157,1238,train
OCNT-2317158,1237,train
OCNT-2317163,1236,train
OCNT-2317166,1235,validation
OCNT-2317169,1234,train
OCNT-2317170,1233,train
OCNT-2317171,1232,test
OCNT-2317172,1231,validation
OCNT-2317174,1230,test
OCNT-2317177,1229,validation
OCNT-2317179,1228,train
OCNT-2317181,1227,train
OCNT-2317182,1226,validation
OCNT-2317183,1225,test
OCNT-2317186,1224,train
OCNT-2317189,1223,test
OCNT-2317192,1222,train
OCNT-2317195,1221,train
OCNT-2317197,1220,train
OCNT-2317199,1219,validation
OCNT-2317200,1218,train
OCNT-2317204,1217,test
OCNT-2317205,1216,train
OCNT-2317207,1215,train
OCNT-2317208,1214,test
OCNT-2317210,1213,test
OCNT-2317215,1212,train
OCNT-2317216,1211,train
OCNT-2317217,1210,test
OCNT-2317220,1209,train
OCNT-2317221,1208,validation
OCNT-2317222,1207,train
OCNT-2317227,1206,validation
OCNT-2317229,1205,test
OCNT-2317231,1204,train
OCNT-2317238,1203,train
OCNT-2317246,1202,train
OCNT-2317249,1201,train
OCNT-2317252,1200,train
OCNT-2317253,1199,validation
OCNT-2317255,1198,train
OCNT-2317261,1197,validation
OCNT-2317262,1196,train
OCNT-2317263,1195,train
OCNT-2317265,66,validation
OCNT-2317269,1194,train
OCNT-2317271,1193,train
OCNT-2317273,1192,train
OCNT-2317274,1191,train
OCNT-2317275,1190,train
OCNT-2317276,1189,train
OCNT-2317279,1188,train
OCNT-2317280,1187,train
OCNT-2317281,1186,validation
OCNT-2317282,1185,train
OCNT-2317285,1184,train
OCNT-2317286,1183,train
OCNT-2317287,1182,train
OCNT-2317295,1181,test
OCNT-2317297,1180,test
OCNT-2317298,1179,validation
OCNT-2317299,1178,train
OCNT-2317300,1177,train
OCNT-2317304,1176,train
OCNT-2317309,1175,train
OCNT-2317310,1174,test
OCNT-2317311,1173,train
OCNT-2317312,1172,train
OCNT-2317314,1171,train
OCNT-2317316,1170,train
OCNT-2317321,1169,train
OCNT-2317322,1168,train
OCNT-2317323,1167,test
OCNT-2317326,1166,train
OCNT-2317327,1165,validation
OCNT-2317331,1164,train
OCNT-2317332,1163,validation
OCNT-2317336,1162,train
OCNT-2317337,1161,test
OCNT-2317338,1160,validation
OCNT-2317340,1159,train
OCNT-2317342,1158,train
OCNT-2317343,1157,train
OCNT-2317344,1156,train
OCNT-2317345,1155,validation
OCNT-2317346,1154,train
OCNT-2317347,1153,train
OCNT-2317349,1152,test
OCNT-2317350,1151,train
OCNT-2317353,1150,train
OCNT-2317357,1149,train
OCNT-2317360,1148,train
OCNT-2317361,1147,train
OCNT-2317363,1146,validation
OCNT-2317366,1145,train
OCNT-2317368,1144,train
OCNT-2317371,1143,train
OCNT-2317373,1142,train
OCNT-2317382,1141,train
OCNT-2317383,1140,train
OCNT-2317384,1139,train
OCNT-2317386,1138,train
OCNT-2317388,1137,train
OCNT-2317389,1136,train
OCNT-2317392,1135,train
OCNT-2317394,1134,train
OCNT-2317395,1133,train
OCNT-2317398,1132,train
OCNT-2317401,1131,train
OCNT-2317402,1130,validation
OCNT-2317403,1129,train
OCNT-2317404,1128,train
OCNT-2317408,1127,train
OCNT-2317409,1126,train
OCNT-2317413,1125,validation
OCNT-2317414,1124,validation
OCNT-2317417,1123,test
OCNT-2317418,1122,train
OCNT-2317420,1121,train
OCNT-2317424,1120,train
OCNT-2317425,1119,train
OCNT-2317432,1118,validation
OCNT-2317433,1117,train
OCNT-2317434,1116,test
OCNT-2317441,1115,train
OCNT-2317442,1114,train
OCNT-2317444,1113,train
OCNT-2317446,1112,train
OCNT-2317449,1111,validation
OCNT-2317450,1110,train
OCNT-2317452,1109,train
OCNT-2317454,1108,test
OCNT-2317457,1107,train
OCNT-2317458,1106,test
OCNT-2317460,1105,train
OCNT-2317464,1104,train
OCNT-2317465,1103,train
OCNT-2317466,1102,train
OCNT-2317467,1101,test
OCNT-2317469,1100,test
OCNT-2317470,1099,train
OCNT-2317471,1098,train
OCNT-2317472,1097,validation
OCNT-2317476,1096,test
OCNT-2317479,1095,test
OCNT-2317482,1094,train
OCNT-2317486,1093,validation
OCNT-2317489,1092,test
OCNT-2317493,1091,train
OCNT-2317498,1090,train
OCNT-2317503,1089,train
OCNT-2317504,1088,train
OCNT-2317505,1087,train
OCNT-2317506,1086,train
OCNT-2317510,1085,validation
OCNT-2317512,1084,train
OCNT-2317513,1083,train
OCNT-2317519,1082,test
OCNT-2317520,1081,train
OCNT-2317521,1080,validation
OCNT-2317530,1079,train
OCNT-2317533,1078,validation
OCNT-2317535,1077,train
OCNT-2317536,1076,train
OCNT-2317538,1075,train
OCNT-2317551,1074,train
OCNT-2317552,1073,validation
OCNT-2317569,1072,train
OCNT-2317570,1071,train
OCNT-2317571,1070,train
OCNT-2317577,1069,train
OCNT-2317579,1068,train
OCNT-2317584,1067,train
OCNT-2317589,1066,train
OCNT-2317592,1065,train
OCNT-2317594,1064,train
OCNT-2317596,1063,train
OCNT-2317597,1062,train
OCNT-2317599,1061,validation
OCNT-2317600,1060,test
OCNT-2317601,1059,train
OCNT-2317602,1058,train
OCNT-2317604,1057,train
OCNT-2317607,1056,validation
OCNT-2317609,1055,validation
OCNT-2317611,1054,train
OCNT-2317612,1053,train
OCNT-2317620,1052,train
OCNT-2317624,1051,train
OCNT-2317625,1050,test
OCNT-2317626,1049,train
OCNT-2317628,1048,train
OCNT-2317632,1047,test
OCNT-2317633,1046,train
OCNT-2317634,1045,train
OCNT-2317635,1044,train
OCNT-2317641,1043,test
OCNT-2317646,1042,train
OCNT-2317648,1041,train
OCNT-2317650,1040,train
OCNT-2317652,1039,train
OCNT-2317654,1038,train
OCNT-2317655,1037,train
OCNT-2317662,1036,test
OCNT-2317664,1035,test
OCNT-2317666,1034,train
OCNT-2317667,1033,test
OCNT-2317668,1032,train
OCNT-2317671,1031,train
OCNT-2317673,1030,train
OCNT-2317680,1029,validation
OCNT-2317681,1028,test
OCNT-2317682,1027,train
OCNT-2317684,1026,train
OCNT-2317688,1025,train
OCNT-2317689,1024,train
OCNT-2317690,1023,validation
OCNT-2317693,1022,test
OCNT-2317694,1021,train
OCNT-2317695,1020,train
OCNT-2317700,1019,test
OCNT-2317705,1018,validation
OCNT-2317709,1017,train
OCNT-2317711,1016,train
OCNT-2317716,1015,train
OCNT-2317717,1014,train
OCNT-2317719,1013,train
OCNT-2317724,1012,train
OCNT-2317729,1011,train
OCNT-2317730,1010,train
OCNT-2317736,1009,validation
OCNT-2317738,1008,validation
OCNT-2317740,1007,validation
OCNT-2317742,1006,train
OCNT-2317749,1005,test
OCNT-2317750,1004,train
OCNT-2317753,1003,test
OCNT-2317758,1002,train
OCNT-2317759,1001,validation
OCNT-2317761,1000,train
OCNT-2317762,999,validation
OCNT-2317763,998,validation
OCNT-2317764,997,validation
OCNT-2317767,996,train
OCNT-2317779,995,test
OCNT-2317783,994,train
OCNT-2317789,993,train
OCNT-2317790,992,train
OCNT-2317796,991,train
OCNT-2317801,990,train
OCNT-2317807,989,train
OCNT-2317809,988,test
OCNT-2317811,987,train
OCNT-2317813,986,test
OCNT-2317815,985,train
OCNT-2317816,984,train
OCNT-2317817,983,train
OCNT-2317818,982,train
OCNT-2317821,981,train
OCNT-2317822,980,train
OCNT-2317824,979,train
OCNT-2317825,978,validation
OCNT-2317826,977,train
OCNT-2317829,976,train
OCNT-2317832,975,train
OCNT-2317840,974,train
OCNT-2317841,973,test
OCNT-2317842,972,train
OCNT-2317846,971,train
OCNT-2317849,970,test
OCNT-2317850,969,validation
OCNT-2317854,968,test
OCNT-2317857,967,validation
OCNT-2317860,966,train
OCNT-2317862,965,train
OCNT-2317864,964,train
OCNT-2317866,963,test
OCNT-2317868,962,validation
OCNT-2317870,961,train
OCNT-2317872,960,train
OCNT-2317874,959,validation
OCNT-2317875,958,test
OCNT-2317878,957,train
OCNT-2317879,956,train
OCNT-2317881,955,train
OCNT-2317887,954,train
OCNT-2317890,953,train
OCNT-2317891,952,train
OCNT-2317894,951,train
OCNT-2317895,950,train
OCNT-2317896,949,validation
OCNT-2317899,948,train
OCNT-2317901,947,test
OCNT-2317904,946,train
OCNT-2317906,945,train
OCNT-2317908,944,train
OCNT-2317909,943,train
OCNT-2317910,942,train
OCNT-2317914,941,train
OCNT-2317916,940,train
OCNT-2317923,939,train
OCNT-2317925,938,test
OCNT-2317926,937,validation
OCNT-2317931,936,train
OCNT-2317936,935,train
OCNT-2317938,934,train
OCNT-2317940,933,train
OCNT-2317941,932,train
OCNT-2317942,931,train
OCNT-2317943,930,train
OCNT-2317946,929,validation
OCNT-2317949,928,train
OCNT-2317951,927,train
OCNT-2317952,926,validation
OCNT-2317954,925,train
OCNT-2317957,924,train
OCNT-2317958,923,test
OCNT-2317959,922,train
OCNT-2317961,921,train
OCNT-2317962,920,train
OCNT-2317963,919,train
OCNT-2317966,918,train
OCNT-2317968,917,train
OCNT-2317970,916,test
OCNT-2317974,915,train
OCNT-2317979,914,train
OCNT-2317981,913,test
OCNT-2317983,912,train
OCNT-2317984,911,test
OCNT-2317986,910,test
OCNT-2317987,909,validation
OCNT-2317988,908,train
OCNT-2317990,907,train
OCNT-2317996,906,train
OCNT-2317998,905,train
OCNT-2317999,904,train
OCNT-2318000,903,train
OCNT-2318002,902,train
OCNT-2318005,901,train
OCNT-2318008,900,train
OCNT-2318014,899,train
OCNT-2318016,898,train
OCNT-2318019,897,validation
OCNT-2318020,896,train
OCNT-2318022,895,train
OCNT-2318023,894,train
OCNT-2318024,893,train
OCNT-2318026,892,validation
OCNT-2318030,891,validation
OCNT-2318031,890,train
OCNT-2318034,889,train
OCNT-2318036,888,train
OCNT-2318037,887,train
OCNT-2318042,886,train
OCNT-2318046,885,validation
OCNT-2318048,884,train
OCNT-2318049,883,train
OCNT-2318057,882,train
OCNT-2318058,881,train
OCNT-2318059,27,validation
OCNT-2318060,880,train
OCNT-2318061,879,train
OCNT-2318067,878,test
OCNT-2318073,877,train
OCNT-2318074,876,validation
OCNT-2318077,875,train
OCNT-2318080,874,train
OCNT-2318082,873,train
OCNT-2318089,872,train
OCNT-2318090,871,train
OCNT-2318091,870,train
OCNT-2318092,869,train
OCNT-2318097,868,train
OCNT-2318098,867,train
OCNT-2318099,866,test
OCNT-2318103,865,train
OCNT-2318107,864,train
OCNT-2318111,863,train
OCNT-2318112,862,train
OCNT-2318114,861,train
OCNT-2318116,860,train
OCNT-2318117,859,test
OCNT-2318118,858,train
OCNT-2318120,857,train
OCNT-2318123,856,validation
OCNT-2318130,855,validation
OCNT-2318132,854,validation
OCNT-2318133,853,train
OCNT-2318135,852,train
OCNT-2318141,851,train
OCNT-2318150,850,train
OCNT-2318152,849,test
OCNT-2318153,848,train
OCNT-2318155,847,train
OCNT-2318156,846,validation
OCNT-2318157,845,test
OCNT-2318165,844,train
OCNT-2318169,843,train
OCNT-2318171,842,train
OCNT-2318174,841,test
OCNT-2318175,840,test
OCNT-2318176,839,train
OCNT-2318177,838,validation
OCNT-2318183,837,validation
OCNT-2318184,836,test
OCNT-2318185,835,validation
OCNT-2318186,834,train
OCNT-2318193,833,test
OCNT-2318196,832,train
OCNT-2318197,831,validation
OCNT-2318198,830,train
OCNT-2318205,829,train
OCNT-2318207,828,train
OCNT-2318209,827,test
OCNT-2318213,826,train
OCNT-2318216,825,test
OCNT-2318220,824,test
OCNT-2318223,823,train
OCNT-2318230,822,train
OCNT-2318232,821,train
OCNT-2318236,820,test
OCNT-2318240,819,train
OCNT-2318241,818,validation
OCNT-2318242,817,train
OCNT-2318243,816,train
OCNT-2318244,815,train
OCNT-2318253,814,train
OCNT-2318254,813,validation
OCNT-2318257,812,test
OCNT-2318259,811,train
OCNT-2318260,810,train
OCNT-2318261,809,validation
OCNT-2318269,808,validation
OCNT-2318270,807,train
OCNT-2318272,806,train
OCNT-2318273,805,train
OCNT-2318275,804,train
OCNT-2318277,803,test
OCNT-2318278,802,train
OCNT-2318281,801,test
OCNT-2318286,800,validation
OCNT-2318287,799,train
OCNT-2318290,798,train
OCNT-2318294,797,train
OCNT-2318299,796,train
OCNT-2318300,795,validation
OCNT-2318305,794,train
OCNT-2318306,793,test
OCNT-2318307,792,train
OCNT-2318308,791,train
OCNT-2318311,790,train
OCNT-2318312,789,train
OCNT-2318316,788,train
OCNT-2318322,787,train
OCNT-2318324,786,train
OCNT-2318326,785,train
OCNT-2318328,784,train
OCNT-2318329,783,train
OCNT-2318330,782,validation
OCNT-2318340,781,test
OCNT-2318341,780,train
OCNT-2318342,779,train
OCNT-2318344,778,train
OCNT-2318346,777,train
OCNT-2318347,776,train
OCNT-2318348,775,train
OCNT-2318350,774,validation
OCNT-2318351,773,train
OCNT-2318352,772,test
OCNT-2318356,771,validation
OCNT-2318359,770,test
OCNT-2318363,769,train
OCNT-2318364,768,train
OCNT-2318366,767,train
OCNT-2318369,766,train
OCNT-2318371,765,test
OCNT-2318376,764,train
OCNT-2318379,763,test
OCNT-2318388,762,train
OCNT-2318390,761,train
OCNT-2318391,760,train
OCNT-2318392,759,train
OCNT-2318394,758,validation
OCNT-2318395,757,train
OCNT-2318397,756,train
OCNT-2318399,755,train
OCNT-2318401,754,train
OCNT-2318404,753,train
OCNT-2318405,752,train
OCNT-2318411,751,validation
OCNT-2318416,750,train
OCNT-2318420,749,test
OCNT-2318423,748,train
OCNT-2318428,747,train
OCNT-2318429,746,train
OCNT-2318434,745,train
OCNT-2318439,744,validation
OCNT-2318445,743,validation
OCNT-2318446,742,train
OCNT-2318448,741,validation
OCNT-2318449,740,train
OCNT-2318451,739,train
OCNT-2318453,738,test
OCNT-2318456,737,train
OCNT-2318460,736,train
OCNT-2318462,735,train
OCNT-2318463,734,train
OCNT-2318467,733,train
OCNT-2318468,732,train
OCNT-2318474,731,train
OCNT-2318479,730,train
OCNT-2318483,729,test
OCNT-2318484,728,train
OCNT-2318486,727,train
OCNT-2318487,726,test
OCNT-2318494,725,validation
OCNT-2318495,724,train
OCNT-2318499,723,train
OCNT-2318503,722,validation
OCNT-2318507,721,validation
OCNT-2318512,720,test
OCNT-2318516,719,train
OCNT-2318522,718,train
OCNT-2318523,717,train
OCNT-2318524,716,train
OCNT-2318529,715,test
OCNT-2318530,714,train
OCNT-2318531,713,test
OCNT-2318535,712,train
OCNT-2318536,711,test
OCNT-2318539,710,test
OCNT-2318540,709,train
OCNT-2318541,708,validation
OCNT-2318542,707,train
OCNT-2318543,706,train
OCNT-2318545,705,train
OCNT-2318546,704,train
OCNT-2318547,703,train
OCNT-2318549,702,test
OCNT-2318552,701,train
OCNT-2318553,700,train
OCNT-2318555,699,train
OCNT-2318557,698,train
OCNT-2318558,697,train
OCNT-2318561,696,train
OCNT-2318566,695,train
OCNT-2318568,694,train
OCNT-2318569,693,validation
OCNT-2318570,692,train
OCNT-2318572,691,test
OCNT-2318573,690,train
OCNT-2318576,689,train
OCNT-2318577,688,validation
OCNT-2318583,687,train
OCNT-2318584,686,train
OCNT-2318585,685,train
OCNT-2318586,684,train
OCNT-2318590,683,train
OCNT-2318595,682,train
OCNT-2318599,681,train
OCNT-2318602,680,test
OCNT-2318603,679,train
OCNT-2318609,678,train
OCNT-2318612,677,train
OCNT-2318616,676,train
OCNT-2318618,675,validation
OCNT-2318622,674,train
OCNT-2318623,673,train
OCNT-2318628,672,train
OCNT-2318633,671,train
OCNT-2318634,670,train
OCNT-2318635,669,train
OCNT-2318636,668,validation
OCNT-2318637,667,train
OCNT-2318638,666,test
OCNT-2318639,665,train
OCNT-2318643,664,validation
OCNT-2318647,663,test
OCNT-2318651,662,train
OCNT-2318657,661,train
OCNT-2318658,660,train
OCNT-2318659,659,train
OCNT-2318668,658,train
OCNT-2318670,657,train
OCNT-2318671,656,train
OCNT-2318673,655,validation
OCNT-2318675,654,train
OCNT-2318678,653,train
OCNT-2318680,652,train
OCNT-2318684,651,train
OCNT-2318685,650,train
OCNT-2318691,649,test
OCNT-2328316,25,validation
OCNT-2328317,648,train
OCNT-2328318,647,validation
OCNT-2328321,646,train
OCNT-2328323,65,test
OCNT-2328326,645,train
OCNT-2328327,644,train
OCNT-2328329,643,train
OCNT-2328330,642,test
OCNT-2328331,641,validation
OCNT-2328332,640,test
OCNT-2328333,65,test
OCNT-2328337,639,train
OCNT-2328339,638,train
OCNT-2328341,637,train
OCNT-2328344,636,validation
OCNT-2328345,635,train
OCNT-2328348,634,train
OCNT-2328352,633,train
OCNT-2328359,632,test
OCNT-2328360,631,train
OCNT-2328366,630,test
OCNT-2328368,629,train
OCNT-2328369,628,validation
OCNT-2328370,627,train
OCNT-2328371,626,train
OCNT-2328376,625,train
OCNT-2328378,624,train
OCNT-2328380,623,train
OCNT-2328381,622,train
OCNT-2328382,621,test
OCNT-2328385,620,train
OCNT-2328395,619,validation
OCNT-2328398,618,train
OCNT-2328400,617,train
OCNT-2328401,616,train
OCNT-2328402,615,train
OCNT-2328410,614,train
OCNT-2328411,613,train
OCNT-2328416,612,train
OCNT-2328418,611,test
OCNT-2328420,610,validation
OCNT-2328421,609,test
OCNT-2328426,608,train
OCNT-2328429,607,validation
OCNT-2328430,606,test
OCNT-2328441,605,train
OCNT-2328446,604,train
OCNT-2328447,603,test
OCNT-2328449,64,validation
OCNT-2328450,602,train
OCNT-2328455,601,test
OCNT-2328456,600,train
OCNT-2328469,599,train
OCNT-2328471,598,train
OCNT-2328472,597,train
OCNT-2328475,596,test
OCNT-2328483,595,train
OCNT-2328485,594,validation
OCNT-2328488,593,train
OCNT-2328496,592,train
OCNT-2328499,591,train
OCNT-2328503,590,validation
OCNT-2328509,589,train
OCNT-2328510,588,test
OCNT-2328518,587,train
OCNT-2328519,586,train
OCNT-2328525,585,train
OCNT-2328527,584,train
OCNT-2328533,583,train
OCNT-2328534,582,train
OCNT-2328540,581,train
OCNT-2328544,580,train
OCNT-2328546,579,train
OCNT-2328549,578,train
OCNT-2328552,577,validation
OCNT-2328553,576,train
OCNT-2328555,575,train
OCNT-2328558,574,train
OCNT-2328559,573,train
OCNT-2328562,572,train
OCNT-2328565,57,test
OCNT-2328568,571,train
OCNT-2328579,570,test
OCNT-2328583,569,train
OCNT-2328585,64,validation
OCNT-2328587,568,train
OCNT-2328589,567,validation
OCNT-2328597,566,train
OCNT-2328599,565,train
OCNT-2328601,564,test
OCNT-2328604,563,train
OCNT-2328613,562,train
OCNT-2328617,561,test
OCNT-2328619,560,validation
OCNT-2328630,559,test
OCNT-2328631,558,train
OCNT-2328635,557,train
OCNT-2328638,556,test
OCNT-2328648,555,train
OCNT-2328651,8,test
OCNT-2328652,554,train
OCNT-2328659,553,train
OCNT-2328663,552,train
OCNT-2328666,551,train
OCNT-2328670,550,test
OCNT-2328671,549,train
OCNT-2328673,26,test
OCNT-2328675,548,train
OCNT-2328676,547,train
OCNT-2328681,546,train
OCNT-2328688,545,train
OCNT-2328691,544,train
OCNT-2328702,543,train
OCNT-2328703,542,test
OCNT-2328704,541,train
OCNT-2328714,63,test
OCNT-2328725,540,validation
OCNT-2328726,539,train
OCNT-2328727,62,validation
OCNT-2328729,538,train
OCNT-2328731,537,train
OCNT-2328732,536,train
OCNT-2328733,535,train
OCNT-2328745,534,train
OCNT-2328748,533,train
OCNT-2328750,532,train
OCNT-2328752,531,train
OCNT-2328753,530,test
OCNT-2328759,529,validation
OCNT-2328763,528,train
OCNT-2328764,527,validation
OCNT-2328767,526,train
OCNT-2328771,525,train
OCNT-2328774,524,validation
OCNT-2328777,523,test
OCNT-2328781,59,validation
OCNT-2328784,522,train
OCNT-2328787,521,test
OCNT-2328788,520,train
OCNT-2328789,26,test
OCNT-2328791,519,train
OCNT-2328794,518,train
OCNT-2328797,517,validation
OCNT-2328798,25,validation
OCNT-2328803,516,train
OCNT-2328805,515,test
OCNT-2328813,514,train
OCNT-2328814,513,train
OCNT-2328816,512,train
OCNT-2328820,511,train
OCNT-2328822,510,train
OCNT-2328824,509,test
OCNT-2328827,508,train
OCNT-2328829,507,train
OCNT-2328835,506,train
OCNT-2328838,505,train
OCNT-2328839,504,train
OCNT-2328840,61,validation
OCNT-2328848,503,validation
OCNT-2328849,502,train
OCNT-2328854,501,train
OCNT-2328857,500,test
OCNT-2328864,499,train
OCNT-2328868,498,train
OCNT-2328869,497,train
OCNT-2328870,496,train
OCNT-2328873,495,train
OCNT-2328886,61,validation
OCNT-2328889,494,train
OCNT-2328890,493,test
OCNT-2328892,492,test
OCNT-2328898,60,validation
OCNT-2328911,59,validation
OCNT-2328914,491,train
OCNT-2328916,490,validation
OCNT-2328919,489,train
OCNT-2328931,488,train
OCNT-2328935,487,train
OCNT-2328936,486,validation
OCNT-2328938,485,train
OCNT-2328941,484,train
OCNT-2328942,483,train
OCNT-2328943,482,train
OCNT-2328946,481,test
OCNT-2328948,480,train
OCNT-2328949,479,train
OCNT-2328950,478,validation
OCNT-2328952,58,validation
OCNT-2328955,477,train
OCNT-2328958,476,train
OCNT-2328961,25,validation
OCNT-2328962,57,test
OCNT-2328964,475,test
OCNT-2328965,474,train
OCNT-2328969,473,validation
OCNT-2328970,472,train
OCNT-2328974,471,train
OCNT-2328975,470,test
OCNT-2328980,469,train
OCNT-2328985,468,train
OCNT-2328989,467,train
OCNT-2328990,466,train
OCNT-2328993,465,train
OCNT-2328994,464,train
OCNT-2328999,463,test
OCNT-2395272,462,train
OCNT-2395273,50,test
OCNT-2395274,461,train
OCNT-2395275,460,test
OCNT-2395276,44,test
OCNT-2395277,459,train
OCNT-2395278,53,test
OCNT-2395279,7,test
OCNT-2395280,458,train
OCNT-2395281,457,train
OCNT-2395282,51,test
OCNT-2395283,7,test
OCNT-2395284,14,test
OCNT-2395285,456,train
OCNT-2395286,455,train
OCNT-2395287,454,test
OCNT-2395288,55,validation
OCNT-2395289,453,train
OCNT-2395290,452,train
OCNT-2395291,451,train
OCNT-2395292,450,train
OCNT-2395293,449,train
OCNT-2395294,448,train
OCNT-2395295,54,validation
OCNT-2395296,43,test
OCNT-2395297,3,test
OCNT-2395298,447,test
OCNT-2395299,56,validation
OCNT-2395300,446,train
OCNT-2395301,445,train
OCNT-2395302,444,train
OCNT-2395303,443,validation
OCNT-2395304,442,train
OCNT-2395305,52,test
OCNT-2395306,441,train
OCNT-2395307,440,train
OCNT-2395308,439,train
OCNT-2395309,438,test
OCNT-2395310,437,train
OCNT-2395311,436,train
OCNT-2395312,435,train
OCNT-2395313,18,validation
OCNT-2395314,1,test
OCNT-2395315,434,train
OCNT-2395316,433,train
OCNT-2395317,27,validation
OCNT-2395318,39,validation
OCNT-2395319,432,train
OCNT-2395320,431,train
OCNT-2395321,430,train
OCNT-2395322,429,train
OCNT-2395323,428,train
OCNT-2395324,427,train
OCNT-2395325,426,train
OCNT-2395326,425,train
OCNT-2395327,424,validation
OCNT-2395328,27,validation
OCNT-2395329,423,test
OCNT-2395330,422,test
OCNT-2395331,18,validation
OCNT-2395332,421,train
OCNT-2395333,420,test
OCNT-2395334,0,validation
OCNT-2395335,419,train
OCNT-2395336,418,train
OCNT-2395337,3,test
OCNT-2395338,417,train
OCNT-2395339,416,train
OCNT-2395340,415,train
OCNT-2395341,414,train
OCNT-2395342,413,train
OCNT-2395343,412,train
OCNT-2395344,411,train
OCNT-2395345,410,train
OCNT-2395346,55,validation
OCNT-2395347,409,train
OCNT-2395348,408,train
OCNT-2395349,24,test
OCNT-2395350,407,train
OCNT-2395351,10,test
OCNT-2395352,406,train
OCNT-2395353,405,train
OCNT-2395354,404,train
OCNT-2395355,403,train
OCNT-2395356,402,train
OCNT-2395357,401,train
OCNT-2395358,54,validation
OCNT-2395359,400,train
OCNT-2395360,399,train
OCNT-2395361,398,train
OCNT-2395362,1,test
OCNT-2395363,397,train
OCNT-2395364,396,train
OCNT-2395365,395,train
OCNT-2395366,394,train
OCNT-2395367,393,validation
OCNT-2395368,392,train
OCNT-2395369,391,test
OCNT-2395370,390,train
OCNT-2395371,389,train
OCNT-2395372,388,train
OCNT-2395373,53,test
OCNT-2395374,387,train
OCNT-2395375,386,test
OCNT-2395376,4,test
OCNT-2395377,385,train
OCNT-2395378,15,test
OCNT-2395379,384,train
OCNT-2395380,383,train
OCNT-2395381,382,test
OCNT-2395382,381,train
OCNT-2395383,380,test
OCNT-2395384,2,validation
OCNT-2395385,379,train
OCNT-2395386,378,test
OCNT-2395387,377,test
OCNT-2395388,376,train
OCNT-2395389,375,test
OCNT-2395390,374,train
OCNT-2395391,373,train
OCNT-2395392,372,train
OCNT-2395393,371,test
OCNT-2395394,370,train
OCNT-2395395,369,train
OCNT-2395396,368,train
OCNT-2395397,367,test
OCNT-2395398,366,train
OCNT-2395399,365,train
OCNT-2395400,40,validation
OCNT-2395401,364,validation
OCNT-2395402,363,train
OCNT-2395403,362,validation
OCNT-2395404,361,train
OCNT-2395405,360,train
OCNT-2395406,52,test
OCNT-2395407,3,test
OCNT-2395408,359,train
OCNT-2395409,17,validation
OCNT-2395410,358,train
OCNT-2395411,357,test
OCNT-2395412,356,train
OCNT-2395413,355,validation
OCNT-2395414,354,train
OCNT-2395415,353,train
OCNT-2395416,5,validation
OCNT-2395417,352,train
OCNT-2395418,351,train
OCNT-2395419,350,test
OCNT-2395420,349,train
OCNT-2395421,348,train
OCNT-2395422,347,train
OCNT-2395423,346,validation
OCNT-2395424,345,train
OCNT-2395425,20,validation
OCNT-2395426,344,train
OCNT-2395427,343,train
OCNT-2395428,342,train
OCNT-2395429,0,validation
OCNT-2395430,341,train
OCNT-2395431,340,train
OCNT-2395432,339,train
OCNT-2395433,338,train
OCNT-2395434,337,validation
OCNT-2395435,336,train
OCNT-2395436,38,test
OCNT-2395437,335,train
OCNT-2395438,334,train
OCNT-2395439,333,test
OCNT-2395440,20,validation
OCNT-2395441,332,train
OCNT-2395442,331,train
OCNT-2395443,330,train
OCNT-2395444,329,validation
OCNT-2395445,328,train
OCNT-2395446,12,test
OCNT-2395447,327,train
OCNT-2395448,326,train
OCNT-2395449,0,validation
OCNT-2395450,325,train
OCNT-2395451,324,train
OCNT-2395452,323,train
OCNT-2395453,22,test
OCNT-2395454,322,train
OCNT-2395455,321,validation
OCNT-2395456,51,test
OCNT-2395457,320,validation
OCNT-2395458,319,train
OCNT-2395459,318,train
OCNT-2395460,317,train
OCNT-2395461,316,train
OCNT-2395462,1,test
OCNT-2395463,315,train
OCNT-2395464,31,validation
OCNT-2395465,314,train
OCNT-2395466,313,train
OCNT-2395467,23,validation
OCNT-2395468,312,train
OCNT-2395469,311,train
OCNT-2395470,310,train
OCNT-2395471,309,train
OCNT-2395472,308,train
OCNT-2395473,307,test
OCNT-2395474,306,train
OCNT-2395475,37,test
OCNT-2395476,23,validation
OCNT-2395477,305,train
OCNT-2395478,33,test
OCNT-2395479,46,validation
OCNT-2395480,32,validation
OCNT-2395481,14,test
OCNT-2395482,304,validation
OCNT-2395483,303,train
OCNT-2395484,302,train
OCNT-2395485,301,test
OCNT-2395486,300,train
OCNT-2395487,49,validation
OCNT-2395488,299,train
OCNT-2395489,298,train
OCNT-2395490,16,validation
OCNT-2395491,297,train
OCNT-2395492,296,train
OCNT-2395493,295,validation
OCNT-2395494,10,test
OCNT-2395495,22,test
OCNT-2395496,42,test
OCNT-2395497,294,train
OCNT-2395498,293,test
OCNT-2395499,292,train
OCNT-2395500,291,train
OCNT-2395501,6,validation
OCNT-2395502,290,validation
OCNT-2395503,289,train
OCNT-2395504,288,train
OCNT-2395505,6,validation
OCNT-2395506,287,train
OCNT-2395507,286,train
OCNT-2395508,50,test
OCNT-2395510,49,validation
OCNT-2395511,285,train
OCNT-2395512,21,validation
OCNT-2395513,284,train
OCNT-2395514,283,train
OCNT-2395515,282,train
OCNT-2395516,15,test
OCNT-2395517,281,train
OCNT-2395518,12,test
OCNT-2395519,280,validation
OCNT-2395520,45,test
OCNT-2395521,279,train
OCNT-2395522,3,test
OCNT-2395523,278,train
OCNT-2395524,277,train
OCNT-2395525,276,train
OCNT-2395526,48,test
OCNT-2395527,275,train
OCNT-2395528,274,train
OCNT-2395529,273,train
OCNT-2395530,272,train
OCNT-2395531,271,validation
OCNT-2395532,270,validation
OCNT-2395533,269,train
OCNT-2395534,268,train
OCNT-2395535,267,train
OCNT-2395536,266,train
OCNT-2395537,265,validation
OCNT-2395538,264,validation
OCNT-2395539,263,train
OCNT-2395540,4,test
OCNT-2395541,262,train
OCNT-2395542,34,validation
OCNT-2395543,20,validation
OCNT-2395544,261,train
OCNT-2395545,48,test
OCNT-2395546,260,train
OCNT-2395547,259,train
OCNT-2395548,2,validation
OCNT-2395549,258,train
OCNT-2395550,257,train
OCNT-2395551,256,test
OCNT-2395552,255,train
OCNT-2395553,254,train
OCNT-2395554,253,validation
OCNT-2395555,252,train
OCNT-2395556,251,train
OCNT-2395557,250,train
OCNT-2395558,249,train
OCNT-2395559,0,validation
OCNT-2395560,248,train
OCNT-2395561,247,train
OCNT-2395562,246,test
OCNT-2395563,245,test
OCNT-2395564,47,validation
OCNT-2395565,46,validation
OCNT-2395566,244,train
OCNT-2395567,243,validation
OCNT-2395568,5,validation
OCNT-2395569,242,train
OCNT-2395570,19,test
OCNT-2395571,241,train
OCNT-2395572,13,validation
OCNT-2395573,0,validation
OCNT-2395574,240,validation
OCNT-2395575,18,validation
OCNT-2395576,239,train
OCNT-2395577,238,train
OCNT-2395578,237,train
OCNT-2395579,236,train
OCNT-2395580,235,train
OCNT-2395581,234,train
OCNT-2395582,233,train
OCNT-2395583,232,train
OCNT-2395584,45,test
OCNT-2395585,231,test
OCNT-2395586,44,test
OCNT-2395587,43,test
OCNT-2395588,230,train
OCNT-2395589,229,train
OCNT-2395590,228,train
OCNT-2395591,5,validation
OCNT-2395592,17,validation
OCNT-2395593,227,train
OCNT-2395594,41,test
OCNT-2395595,226,train
OCNT-2395596,225,validation
OCNT-2395597,224,train
OCNT-2395598,16,validation
OCNT-2395599,223,train
OCNT-2395600,222,train
OCNT-2395601,221,test
OCNT-2395602,16,validation
OCNT-2395603,220,train
OCNT-2395604,219,train
OCNT-2395605,42,test
OCNT-2395606,41,test
OCNT-2395607,218,validation
OCNT-2395608,217,test
OCNT-2395609,15,test
OCNT-2395610,216,train
OCNT-2395611,1,test
OCNT-2395612,215,test
OCNT-2395613,40,validation
OCNT-2395614,214,test
OCNT-2395615,213,train
OCNT-2395616,212,test
OCNT-2395617,211,train
OCNT-2395618,210,train
OCNT-2395619,13,validation
OCNT-2395620,209,train
OCNT-2395621,208,train
OCNT-2395622,207,train
OCNT-2395623,206,train
OCNT-2395624,205,test
OCNT-2395625,204,validation
OCNT-2395626,203,train
OCNT-2395627,202,train
OCNT-2395628,39,validation
OCNT-2395629,201,train
OCNT-2395630,200,train
OCNT-2395631,199,train
OCNT-2395632,198,train
OCNT-2395633,197,validation
OCNT-2395634,14,test
OCNT-2395635,196,train
OCNT-2395636,21,validation
OCNT-2395637,195,train
OCNT-2395638,194,train
OCNT-2395639,193,train
OCNT-2395640,192,train
OCNT-2395641,4,test
OCNT-2395642,191,train
OCNT-2395643,190,train
OCNT-2395644,28,validation
OCNT-2395645,9,test
OCNT-2395646,189,train
OCNT-2395647,188,test
OCNT-2395648,7,test
OCNT-2395649,187,validation
OCNT-2395650,186,train
OCNT-2395651,185,train
OCNT-2395652,184,train
OCNT-2395653,183,train
OCNT-2395654,182,train
OCNT-2395655,35,test
OCNT-2395656,181,train
OCNT-2395657,38,test
OCNT-2395658,180,train
OCNT-2395659,179,train
OCNT-2395660,13,validation
OCNT-2395661,178,train
OCNT-2395662,177,train
OCNT-2395663,176,train
OCNT-2395664,175,train
OCNT-2395665,174,train
OCNT-2395666,173,train
OCNT-2395667,172,validation
OCNT-2395668,37,test
OCNT-2395669,171,train
OCNT-2395670,170,train
OCNT-2395671,169,train
OCNT-2395672,17,validation
OCNT-2395673,36,validation
OCNT-2395674,7,test
OCNT-2395675,36,validation
OCNT-2395676,168,train
OCNT-2395677,167,train
OCNT-2395678,19,test
OCNT-2395679,166,train
OCNT-2395680,165,train
OCNT-2395681,164,train
OCNT-2395682,163,train
OCNT-2395683,162,train
OCNT-2395684,0,validation
OCNT-2395685,161,train
OCNT-2395686,9,test
OCNT-2395687,160,train
OCNT-2395688,159,train
OCNT-2395689,158,train
OCNT-2395690,11,test
OCNT-2395691,157,validation
OCNT-2395692,6,validation
OCNT-2395693,156,train
OCNT-2395694,155,train
OCNT-2395695,154,train
OCNT-2395696,153,train
OCNT-2395697,152,train
OCNT-2395698,151,train
OCNT-2395699,150,train
OCNT-2395700,149,train
OCNT-2395701,148,train
OCNT-2395702,147,validation
OCNT-2395703,35,test
OCNT-2395704,146,validation
OCNT-2395705,34,validation
OCNT-2395706,145,train
OCNT-2395707,144,train
OCNT-2395708,143,train
OCNT-2395709,142,validation
OCNT-2395710,141,train
OCNT-2395711,140,validation
OCNT-2395712,139,validation
OCNT-2395713,33,test
OCNT-2395714,138,train
OCNT-2395715,137,train
OCNT-2395716,136,train
OCNT-2395717,135,train
OCNT-2395718,134,train
OCNT-2395719,19,test
OCNT-2395720,133,train
OCNT-2395721,132,train
OCNT-2395722,2,validation
OCNT-2395723,131,train
OCNT-2395724,2,validation
OCNT-2395725,130,train
OCNT-2395726,129,train
OCNT-2395727,128,train
OCNT-2395728,2,validation
OCNT-2395729,127,train
OCNT-2395730,126,validation
OCNT-2395731,125,train
OCNT-2395732,124,train
OCNT-2395733,123,train
OCNT-2395734,3,test
OCNT-2395735,122,train
OCNT-2395736,121,train
OCNT-2395737,120,train
OCNT-2395738,119,train
OCNT-2395739,1,test
OCNT-2395740,118,validation
OCNT-2395741,117,train
OCNT-2395742,116,train
OCNT-2395743,115,train
OCNT-2395744,114,train
OCNT-2395745,113,train
OCNT-2395746,112,train
OCNT-2395747,111,train
OCNT-2395748,110,train
OCNT-2395749,12,test
OCNT-2395750,109,train
OCNT-2395751,108,test
OCNT-2395752,107,train
OCNT-2395753,106,train
OCNT-2395754,105,train
OCNT-2395755,104,train
OCNT-2395756,103,train
OCNT-2395757,102,validation
OCNT-2395758,11,test
OCNT-2395759,10,test
OCNT-2395760,101,validation
OCNT-2395761,22,test
OCNT-2395762,100,train
OCNT-2395763,5,validation
OCNT-2395764,32,validation
OCNT-2395765,99,validation
OCNT-2395766,21,validation
OCNT-2395767,98,train
OCNT-2395768,97,train
OCNT-2395769,96,test
OCNT-2395770,95,validation
OCNT-2395771,94,train
OCNT-2395772,93,train
OCNT-2395773,92,train
OCNT-2395774,91,test
OCNT-2395775,90,train
OCNT-2395776,89,train
OCNT-2395777,88,train
OCNT-2395778,87,train
OCNT-2395779,86,train
OCNT-2395780,85,validation
OCNT-2395781,84,train
OCNT-2395782,83,train
OCNT-2395783,82,train
OCNT-2395784,24,test
OCNT-2395785,81,train
OCNT-2395786,80,train
OCNT-2395787,79,train
OCNT-2395788,28,validation
OCNT-2395789,31,validation
OCNT-2395790,78,test
OCNT-2395791,77,test
OCNT-2395792,9,test
OCNT-2395793,76,validation
OCNT-2395794,75,train
OCNT-2395795,74,train
OCNT-2395796,73,train
OCNT-2395797,72,train
OCNT-2395798,71,train
OCNT-2395799,23,validation
